# Blender 4.4.1
# www.blender.org
mtllib car.mtl
o Body
v 0.176815 0.226985 -0.423891
v 0.259815 0.339907 0.338502
v 0.176815 0.217686 -0.470640
v 0.176362 0.470893 -0.123159
v 0.176189 0.471063 -0.116957
v 0.176815 0.191204 -0.510272
v 0.163787 0.467444 0.106768
v 0.175135 0.472821 -0.117648
v 0.176815 0.151572 -0.536754
v 0.290072 0.071717 -0.053001
v 0.172287 0.472881 -0.440462
v 0.176815 0.104823 -0.546053
v -0.005572 0.071717 0.693050
v -0.005572 0.250370 0.693049
v -0.005573 0.071717 -0.595875
v -0.005572 0.344952 0.338502
v -0.005572 0.071717 0.357080
v -0.005573 0.071717 -0.441881
v -0.005572 0.467444 0.106768
v -0.005572 0.481162 -0.120707
v -0.005572 0.071717 -0.053001
v 0.176417 0.470935 -0.437807
v 0.175346 0.472881 -0.437403
v 0.176815 0.104823 -0.301730
v -0.005573 0.197226 -0.595875
v -0.005572 0.146909 0.693050
v 0.176815 0.151572 -0.311029
v 0.290072 0.071717 0.568048
v 0.165071 0.071717 0.693050
v 0.176815 0.191204 -0.337510
v 0.150772 0.258152 0.660086
v 0.256203 0.283041 0.554655
v 0.176815 0.217686 -0.377142
v 0.165071 0.167755 0.693050
v 0.275331 0.167755 0.582789
v 0.176815 0.226985 0.426161
v 0.176815 0.217686 0.379411
v 0.176815 0.191205 0.339779
v 0.256203 0.292240 0.515689
v 0.278085 0.345603 -0.105698
v 0.176815 0.151572 0.313297
v 0.278085 0.345603 -0.421952
v 0.176815 0.104823 0.303998
v 0.190635 0.461747 -0.421952
v 0.190635 0.461747 -0.136821
v 0.278085 0.345603 0.293023
v 0.278085 0.345603 -0.064936
v 0.190635 0.461747 -0.096060
v 0.190635 0.461747 0.081990
v 0.267396 0.337556 -0.421952
v 0.267396 0.337556 -0.105698
v 0.179946 0.453699 -0.136821
v 0.179946 0.453699 -0.421952
v 0.267396 0.337556 -0.064936
v 0.267396 0.337556 0.293023
v 0.179946 0.453699 0.081990
v 0.179946 0.453700 -0.096060
v -0.005572 0.326946 0.390044
v 0.256203 0.321901 0.390044
v 0.176815 0.104823 0.548322
v -0.005572 0.481162 0.088190
v 0.178648 0.477668 0.088190
v 0.176815 0.151572 0.539023
v -0.005572 0.337315 0.334299
v -0.005572 0.459807 0.102565
v 0.176815 0.191205 0.512542
v 0.259815 0.332270 0.334299
v 0.163787 0.459807 0.102565
v 0.176815 0.217686 0.472910
v -0.005573 0.153916 -0.612352
v -0.005573 0.115027 -0.612352
v -0.005572 0.126866 0.709659
v -0.005572 0.091759 0.709659
v 0.215146 0.122918 0.664676
v 0.259641 0.122918 0.620181
v 0.215146 0.095707 0.664676
v 0.259641 0.095707 0.620181
v -0.005572 0.334728 0.357080
v 0.290072 0.329683 0.357080
v 0.275331 0.255264 0.582789
v 0.166293 0.229523 0.691827
v -0.005572 0.263198 0.660086
v 0.290072 0.292240 0.515689
v -0.005572 0.265098 0.661231
v -0.005572 0.331799 0.391189
v 0.256203 0.326753 0.391189
v 0.256203 0.284941 0.555801
v 0.150772 0.260053 0.661231
v 0.256203 0.294919 0.516835
v 0.165071 0.146909 0.693050
v 0.290072 0.146909 0.568048
v 0.290072 0.279879 0.568048
v 0.165071 0.250370 0.693049
v -0.005572 0.167755 0.693050
v -0.005572 0.234569 0.693049
v -0.005572 0.229350 0.683192
v -0.005572 0.167582 0.683192
v 0.164484 0.229435 0.681825
v 0.163792 0.167660 0.682820
v 0.268272 0.167755 0.576403
v 0.268272 0.255264 0.576403
v 0.290072 0.329682 -0.438780
v 0.180512 0.475192 -0.438782
v 0.178648 0.477668 -0.438822
v 0.290072 0.329683 -0.077951
v 0.290072 0.329683 -0.084150
v 0.180471 0.475246 -0.116957
v 0.180471 0.475246 -0.123159
v 0.178648 0.477668 -0.123766
v 0.175588 0.477668 -0.120707
v 0.178648 0.477668 -0.117648
v 0.290072 0.149967 -0.061577
v 0.290072 0.143799 -0.063925
v 0.290072 0.150498 -0.067822
v 0.175135 0.472821 -0.123766
v 0.172076 0.472821 -0.120707
v 0.284089 0.150303 -0.067854
v 0.284086 0.149967 -0.061577
v 0.284088 0.143670 -0.063946
v 0.284352 0.327927 -0.438603
v 0.283836 0.327573 -0.444689
v 0.284335 0.327974 -0.077951
v 0.284456 0.327610 -0.084150
v 0.176815 0.071717 -0.308315
v 0.176815 0.071717 -0.422354
v 0.290072 0.071717 -0.308315
v 0.176815 0.071717 0.357080
v 0.176815 0.071717 0.310584
v 0.290072 0.071717 0.310584
v 0.290594 0.226170 -0.419800
v 0.289877 0.226985 -0.423891
v 0.274401 0.195841 -0.503333
v 0.281067 0.217686 -0.470640
v 0.290072 0.204603 0.492489
v 0.290072 0.146909 0.539951
v 0.290072 0.151572 0.539023
v 0.290072 0.191205 0.512542
v 0.290072 0.071717 0.541737
v 0.176815 0.071717 0.541737
v 0.176815 0.071717 -0.539468
v 0.290072 0.226985 0.426161
v 0.290072 0.217686 0.379411
v 0.290072 0.202764 0.357080
v 0.290072 0.217686 0.472910
v 0.290072 0.143801 0.311752
v 0.290072 0.104823 0.303998
v 0.290072 0.217686 -0.377142
v 0.290072 0.224968 -0.413755
v 0.290072 0.189579 -0.336424
v 0.290072 0.191204 -0.337510
v 0.290072 0.151572 0.313297
v 0.290072 0.149967 0.312979
v 0.290072 0.191205 0.339779
v 0.291062 0.104823 0.548322
v 0.285397 0.151572 -0.536754
v 0.291457 0.191204 -0.510272
v 0.283269 0.104823 -0.546053
v 0.284776 0.071717 -0.539468
v 0.290147 0.104823 -0.301730
v 0.290748 0.182852 -0.331929
v 0.290494 0.151572 -0.311029
v 0.288441 0.197226 -0.501260
v 0.289258 0.226184 -0.419869
v 0.284698 0.226208 -0.419988
v 0.289428 0.143788 0.311749
v 0.284086 0.143788 0.311749
v 0.285254 0.224993 -0.413879
v 0.284143 0.225003 -0.413928
v 0.284824 0.225903 -0.418453
v 0.284091 0.189312 -0.336245
v 0.284091 0.187895 -0.335299
v 0.284766 0.182589 -0.331753
v 0.284086 0.149967 0.312979
v 0.286148 0.182622 -0.331775
v 0.189548 0.071717 -0.599062
v 0.216106 0.071717 -0.594862
v 0.240237 0.071717 -0.582062
v 0.268707 0.196290 -0.534713
v 0.191157 0.197226 -0.599088
v 0.087601 0.115027 -0.612364
v 0.282509 0.071717 -0.549372
v 0.228616 0.071717 -0.607573
v 0.253065 0.071717 -0.593918
v 0.271989 0.071717 -0.573480
v 0.087704 0.153916 -0.612364
v 0.226198 0.413665 -0.444926
v 0.175588 0.477668 -0.441881
v 0.175936 0.470708 -0.444047
v 0.208230 0.437286 -0.444694
v 0.192301 0.457743 -0.444034
v 0.180840 0.471924 -0.443046
v -0.005573 0.481162 -0.441881
v 0.164497 0.477668 -0.441881
v 0.172503 0.197226 -0.598783
v 0.259163 0.196648 -0.559677
v 0.241074 0.196952 -0.580677
v 0.217194 0.197155 -0.594517
v 0.072474 0.091759 0.708538
v 0.072474 0.126866 0.708538
v 0.251553 0.122918 0.612093
v 0.251553 0.095707 0.612093
v 0.207058 0.095707 0.656588
v 0.207058 0.122918 0.656588
v -0.005572 0.126866 0.716819
v -0.005572 0.091759 0.716819
v 0.072577 0.126866 0.715698
v 0.072577 0.091759 0.715698
v 0.302396 0.292987 0.029534
v 0.302396 0.307092 0.029534
v 0.294079 0.292987 0.034944
v 0.294079 0.307092 0.034944
v 0.302648 0.292987 -0.039790
v 0.302648 0.307092 -0.039790
v 0.294079 0.292987 -0.044948
v 0.294079 0.307092 -0.044948
v 0.299224 0.292987 -0.029966
v 0.299224 0.292987 0.019964
v 0.299224 0.307092 0.019964
v 0.299224 0.307092 -0.029966
v 0.308183 0.292987 0.019964
v 0.308183 0.292987 -0.029966
v 0.308183 0.307092 -0.029966
v 0.308183 0.307092 0.019964
v 0.290669 0.307092 0.034944
v 0.290669 0.292987 0.034944
v 0.290669 0.292987 0.019964
v 0.290669 0.307092 -0.029966
v 0.290669 0.307092 -0.044948
v 0.290669 0.292987 -0.044948
v 0.290669 0.292987 -0.029966
v 0.290669 0.307092 0.019964
v 0.302396 0.292987 -0.335087
v 0.302396 0.307092 -0.335087
v 0.294079 0.292987 -0.329676
v 0.294079 0.307092 -0.329676
v 0.302648 0.292987 -0.404411
v 0.302648 0.307092 -0.404411
v 0.294079 0.292987 -0.409569
v 0.294079 0.307092 -0.409569
v 0.299224 0.292987 -0.394587
v 0.299224 0.292987 -0.344657
v 0.299224 0.307092 -0.344657
v 0.299224 0.307092 -0.394587
v 0.308183 0.292987 -0.344657
v 0.308183 0.292987 -0.394587
v 0.308183 0.307092 -0.394587
v 0.308183 0.307092 -0.344657
v 0.290669 0.307092 -0.329676
v 0.290669 0.292987 -0.329676
v 0.290669 0.292987 -0.344657
v 0.290669 0.307092 -0.394587
v 0.290669 0.307092 -0.409569
v 0.290669 0.292987 -0.409569
v 0.290669 0.292987 -0.394587
v 0.290669 0.307092 -0.344657
v 0.284766 0.342937 0.302591
v 0.284766 0.358413 0.302591
v 0.278986 0.344489 0.302591
v 0.269688 0.356861 0.302591
v 0.284766 0.342937 0.296026
v 0.284766 0.358413 0.296026
v 0.278986 0.344489 0.296026
v 0.269688 0.356861 0.296026
v 0.288990 0.336198 0.304560
v 0.288990 0.365151 0.304560
v 0.288990 0.365151 0.294057
v 0.288990 0.336198 0.294057
v 0.299294 0.330661 0.302379
v 0.299294 0.370688 0.302379
v 0.296465 0.366337 0.289153
v 0.296465 0.335012 0.289153
v 0.340254 0.330661 0.289748
v 0.350191 0.342684 0.286684
v 0.344056 0.331576 0.288576
v 0.347280 0.334182 0.287582
v 0.349434 0.338083 0.286917
v 0.350191 0.358666 0.286684
v 0.340254 0.370688 0.289748
v 0.349434 0.363266 0.286917
v 0.347280 0.367167 0.287582
v 0.344056 0.369773 0.288576
v 0.330919 0.366337 0.269461
v 0.337585 0.358122 0.265652
v 0.333760 0.365585 0.267838
v 0.335874 0.363703 0.266630
v 0.337123 0.361215 0.265916
v 0.337585 0.343227 0.265652
v 0.330919 0.335012 0.269461
v 0.337123 0.340134 0.265916
v 0.335874 0.337646 0.266630
v 0.333760 0.335764 0.267838
v 0.293904 0.370688 0.290617
v 0.293904 0.330661 0.290617
v 0.331118 0.330661 0.269348
v 0.334572 0.331576 0.267374
v 0.337502 0.334182 0.265700
v 0.339459 0.338083 0.264581
v 0.340146 0.342684 0.264188
v 0.334572 0.369773 0.267374
v 0.331118 0.370688 0.269348
v 0.337502 0.367167 0.265700
v 0.339459 0.363266 0.264581
v 0.340146 0.358666 0.264188
v 0.299387 0.366337 0.294267
v 0.299387 0.335012 0.294267
v 0.333842 0.335012 0.274575
v 0.336683 0.335764 0.272952
v 0.338797 0.337646 0.271743
v 0.340046 0.340134 0.271030
v 0.340508 0.343227 0.270765
v 0.336683 0.365585 0.272952
v 0.333842 0.366337 0.274575
v 0.338797 0.363703 0.271743
v 0.340046 0.361215 0.271030
v 0.340508 0.358122 0.270765
v -0.005573 0.334421 -0.587683
v 0.287685 0.328611 -0.444090
v 0.191030 0.334303 -0.590702
v 0.264640 0.335001 -0.531067
v 0.172619 0.334322 -0.589222
v 0.254732 0.334736 -0.554553
v 0.237285 0.334473 -0.573865
v 0.214999 0.334352 -0.586515
v -0.005573 0.471181 -0.453221
v 0.162804 0.464018 -0.455725
v 0.172668 0.460532 -0.460295
v 0.212783 0.421225 -0.467374
v 0.232515 0.397395 -0.468545
v 0.194220 0.441691 -0.465372
v 0.184167 0.458726 -0.456764
v 0.277734 0.335133 -0.469200
v 0.269222 0.328593 -0.532482
v 0.259134 0.328604 -0.557326
v 0.240777 0.328655 -0.578182
v 0.216946 0.328704 -0.591913
v 0.191304 0.328719 -0.596456
v 0.172361 0.328715 -0.594910
v 0.284070 0.328607 -0.461393
v -0.005573 0.328723 -0.593284
v -0.005573 0.465484 -0.458822
v 0.164918 0.469690 -0.450078
v 0.197491 0.443922 -0.458396
v 0.215071 0.422680 -0.459830
v 0.176933 0.464919 -0.455112
v 0.180017 0.455485 -0.462839
v 0.233965 0.398307 -0.460732
v -0.005573 0.459616 -0.454501
v -0.005573 0.328553 -0.583362
v 0.176789 0.449618 -0.458518
v 0.211771 0.328485 -0.582195
v 0.169390 0.328454 -0.584901
v 0.159576 0.458150 -0.451404
v 0.187801 0.328436 -0.586381
v 0.169440 0.454665 -0.455974
v 0.251504 0.328869 -0.550232
v 0.209555 0.415357 -0.463053
v 0.261412 0.329134 -0.526747
v 0.229286 0.391528 -0.464224
v 0.234056 0.328605 -0.569545
v 0.190991 0.435824 -0.461052
v 0.274506 0.329265 -0.464879
v 0.190887 0.213915 -0.593683
v 0.190896 0.219680 -0.593504
v 0.264428 0.213405 -0.532719
v 0.264440 0.219209 -0.532648
v 0.172571 0.219660 -0.592734
v 0.172581 0.213902 -0.592997
v -0.005573 0.213902 -0.590473
v -0.005573 0.219664 -0.590296
v -0.005573 0.219840 -0.594920
v -0.005573 0.214079 -0.595096
v 0.172460 0.214079 -0.597620
v 0.172451 0.219837 -0.597356
v 0.268897 0.219203 -0.533892
v 0.268862 0.213406 -0.534042
v 0.191211 0.219840 -0.598118
v 0.191201 0.214075 -0.598297
v 0.217119 0.214022 -0.593735
v 0.217102 0.219791 -0.593557
v 0.259153 0.219433 -0.558811
v 0.259155 0.213649 -0.558971
v 0.240985 0.213869 -0.579928
v 0.240965 0.219644 -0.579758
v 0.290108 0.243300 -0.424386
v 0.289954 0.248718 -0.425670
v 0.215538 0.213885 -0.589388
v 0.215517 0.219654 -0.589212
v 0.255188 0.219370 -0.556426
v 0.255198 0.213585 -0.556572
v 0.238042 0.213757 -0.576359
v 0.238015 0.219533 -0.576194
v 0.285563 0.243340 -0.425015
v 0.285409 0.248758 -0.426300
v 0.144711 0.286813 -0.595930
v 0.144736 0.261316 -0.596649
v 0.191273 0.289868 -0.597053
v 0.191241 0.258691 -0.597521
v 0.259415 0.248791 -0.557837
v 0.259351 0.293855 -0.557472
v 0.268165 0.298702 -0.535354
v 0.268061 0.243016 -0.535772
v 0.217029 0.289842 -0.592483
v 0.217210 0.258652 -0.592878
v 0.240981 0.290351 -0.578596
v 0.241221 0.254378 -0.578925
v 0.138324 0.292422 -0.595726
v 0.138353 0.256129 -0.596541
v 0.269114 0.301839 -0.532952
v 0.269005 0.239766 -0.533422
v 0.259141 0.296384 -0.557821
v 0.259147 0.246290 -0.558316
v 0.240840 0.292908 -0.578707
v 0.240903 0.251857 -0.579233
v 0.216998 0.292399 -0.592461
v 0.217050 0.256095 -0.593009
v 0.191273 0.292426 -0.597010
v 0.191242 0.256133 -0.597564
v 0.138580 0.292349 -0.591771
v 0.138582 0.256056 -0.592584
v 0.265435 0.301808 -0.531477
v 0.265323 0.239785 -0.531957
v 0.255761 0.296370 -0.555751
v 0.255756 0.246284 -0.556264
v 0.238319 0.292920 -0.575649
v 0.238366 0.251775 -0.576188
v 0.215639 0.292369 -0.588738
v 0.215682 0.255984 -0.589291
v 0.191061 0.292370 -0.593052
v 0.191001 0.256048 -0.593608
v 0.141136 0.289791 -0.591976
v 0.141133 0.258615 -0.592692
v 0.264485 0.298671 -0.533879
v 0.264378 0.243036 -0.534307
v 0.255973 0.293841 -0.555397
v 0.256026 0.248785 -0.555781
v 0.238461 0.290363 -0.575537
v 0.238687 0.254295 -0.575878
v 0.215670 0.289811 -0.588759
v 0.215843 0.258541 -0.589159
v 0.191061 0.289813 -0.593095
v 0.191000 0.258606 -0.593565
v 0.191402 0.286846 -0.599274
v 0.191369 0.261348 -0.599742
v 0.261343 0.253231 -0.558947
v 0.261274 0.290086 -0.558591
v 0.217797 0.286818 -0.594571
v 0.217994 0.261310 -0.594961
v 0.242414 0.287230 -0.580299
v 0.242672 0.257809 -0.580612
v 0.174811 0.286847 -0.598151
v 0.174836 0.261350 -0.598869
v 0.270234 0.294045 -0.540164
v 0.270130 0.248503 -0.540583
v -0.005573 0.071717 -0.612352
v 0.202366 0.071717 -0.612366
v -0.005573 0.115027 -0.619498
v -0.005573 0.153916 -0.619498
v 0.087601 0.115027 -0.619509
v 0.087702 0.153916 -0.619509
v 0.140464 0.168024 0.695295
v 0.139186 0.167929 0.685066
v 0.141686 0.229792 0.694073
v 0.139877 0.229704 0.684070
v 0.291457 0.191204 -0.510272
v 0.288441 0.197226 -0.501260
v 0.274544 0.196686 -0.540976
v 0.282484 0.186756 -0.549483
v 0.271996 0.186756 -0.573549
v 0.264110 0.196871 -0.565026
v 0.253145 0.186756 -0.593950
v 0.245322 0.197048 -0.585347
v 0.228800 0.186756 -0.607581
v 0.221043 0.197178 -0.598843
v 0.202668 0.186756 -0.612366
v 0.194983 0.197226 -0.603491
v -0.005573 0.197226 -0.603416
v -0.005573 0.186756 -0.612352
v 0.290402 0.146909 0.539951
v 0.291218 0.141301 0.541067
v 0.291180 0.077325 0.542853
v 0.290364 0.071717 0.541737
v 0.299832 0.146909 0.572091
v 0.305417 0.141301 0.574404
v 0.299832 0.071717 0.572091
v 0.305417 0.077325 0.574404
v -0.005572 0.141301 0.709659
v -0.005572 0.146909 0.704055
v 0.171586 0.141303 0.708394
v 0.169113 0.146909 0.702808
v -0.005572 0.071717 0.704055
v -0.005572 0.077325 0.709659
v 0.171586 0.077325 0.708236
v 0.169113 0.071717 0.702808
v 0.018623 0.167593 0.683139
v 0.042818 0.167604 0.683086
v 0.067013 0.167616 0.683032
v 0.091208 0.167627 0.682979
v 0.115402 0.167638 0.682926
v 0.139597 0.167649 0.682873
v 0.018722 0.229362 0.682997
v 0.043015 0.229374 0.682802
v 0.067309 0.229386 0.682606
v 0.091603 0.229399 0.682411
v 0.115897 0.229411 0.682215
v 0.140190 0.229423 0.682020
v 0.018542 0.167467 0.667421
v 0.042737 0.167478 0.667367
v 0.066932 0.167489 0.667314
v 0.091127 0.167500 0.667261
v 0.115322 0.167511 0.667207
v 0.139517 0.167523 0.667154
v 0.018641 0.229236 0.667279
v 0.042934 0.229248 0.667083
v 0.067228 0.229260 0.666888
v 0.091522 0.229273 0.666692
v 0.115816 0.229285 0.666497
v 0.140109 0.229297 0.666301
v 0.006335 0.186558 0.703090
v 0.006335 0.210373 0.703090
v -0.017480 0.186558 0.703090
v -0.017480 0.210373 0.703090
v 0.014325 0.178568 0.683805
v 0.014325 0.218363 0.683805
v -0.025470 0.178568 0.683805
v -0.025470 0.218363 0.683805
v -0.187959 0.226985 -0.423891
v -0.270958 0.339907 0.338502
v -0.187959 0.217686 -0.470640
v -0.187506 0.470893 -0.123159
v -0.187333 0.471063 -0.116957
v -0.187959 0.191204 -0.510272
v -0.174930 0.467444 0.106768
v -0.186279 0.472821 -0.117648
v -0.187959 0.151572 -0.536754
v -0.301217 0.071717 -0.053001
v -0.183431 0.472881 -0.440462
v -0.187959 0.104823 -0.546053
v -0.187562 0.470935 -0.437807
v -0.186491 0.472881 -0.437403
v -0.187959 0.104823 -0.301730
v -0.187959 0.151572 -0.311029
v -0.301216 0.071717 0.568048
v -0.176215 0.071717 0.693050
v -0.187959 0.191204 -0.337510
v -0.161916 0.258152 0.660086
v -0.267347 0.283041 0.554655
v -0.187959 0.217686 -0.377142
v -0.176215 0.167755 0.693050
v -0.286475 0.167755 0.582789
v -0.187959 0.226985 0.426161
v -0.187959 0.217686 0.379411
v -0.187959 0.191205 0.339779
v -0.267347 0.292240 0.515689
v -0.289229 0.345603 -0.105698
v -0.187959 0.151572 0.313297
v -0.289229 0.345603 -0.421952
v -0.187959 0.104823 0.303998
v -0.201779 0.461747 -0.421952
v -0.201779 0.461747 -0.136821
v -0.289229 0.345603 0.293023
v -0.289229 0.345603 -0.064936
v -0.201779 0.461747 -0.096060
v -0.201779 0.461747 0.081990
v -0.278540 0.337556 -0.421952
v -0.278540 0.337556 -0.105698
v -0.191090 0.453699 -0.136821
v -0.191090 0.453699 -0.421952
v -0.278540 0.337556 -0.064936
v -0.278540 0.337556 0.293023
v -0.191090 0.453699 0.081990
v -0.191090 0.453700 -0.096060
v -0.267347 0.321901 0.390044
v -0.187959 0.104823 0.548322
v -0.189792 0.477668 0.088190
v -0.187959 0.151572 0.539023
v -0.187959 0.191205 0.512542
v -0.270958 0.332270 0.334299
v -0.174930 0.459807 0.102565
v -0.187959 0.217686 0.472910
v -0.226290 0.122918 0.664676
v -0.270785 0.122918 0.620181
v -0.226290 0.095707 0.664676
v -0.270785 0.095707 0.620181
v -0.301216 0.329683 0.357080
v -0.286475 0.255264 0.582789
v -0.177437 0.229523 0.691827
v -0.301216 0.292240 0.515689
v -0.267347 0.326753 0.391189
v -0.267347 0.284941 0.555801
v -0.161916 0.260053 0.661231
v -0.267347 0.294919 0.516835
v -0.176215 0.146909 0.693050
v -0.301216 0.146909 0.568048
v -0.301216 0.279879 0.568048
v -0.176215 0.250370 0.693049
v -0.175628 0.229435 0.681825
v -0.174937 0.167660 0.682820
v -0.279417 0.167755 0.576403
v -0.279417 0.255264 0.576403
v -0.301217 0.329682 -0.438780
v -0.191656 0.475192 -0.438782
v -0.189792 0.477668 -0.438822
v -0.301217 0.329683 -0.077951
v -0.301217 0.329683 -0.084150
v -0.191616 0.475246 -0.116957
v -0.191616 0.475246 -0.123159
v -0.189792 0.477668 -0.123766
v -0.186733 0.477668 -0.120707
v -0.189792 0.477668 -0.117648
v -0.301217 0.149967 -0.061577
v -0.301217 0.143799 -0.063925
v -0.301217 0.150498 -0.067822
v -0.186279 0.472821 -0.123766
v -0.183221 0.472821 -0.120707
v -0.295234 0.150303 -0.067854
v -0.295231 0.149967 -0.061577
v -0.295232 0.143670 -0.063946
v -0.295497 0.327927 -0.438603
v -0.294980 0.327573 -0.444689
v -0.295479 0.327974 -0.077951
v -0.295601 0.327610 -0.084150
v -0.187959 0.071717 -0.308315
v -0.187959 0.071717 -0.422354
v -0.301217 0.071717 -0.308315
v -0.187959 0.071717 0.357080
v -0.187959 0.071717 0.310584
v -0.301216 0.071717 0.310584
v -0.301739 0.226170 -0.419800
v -0.301021 0.226985 -0.423891
v -0.285545 0.195841 -0.503333
v -0.292212 0.217686 -0.470640
v -0.301216 0.204603 0.492489
v -0.301216 0.146909 0.539951
v -0.301216 0.151572 0.539023
v -0.301216 0.191205 0.512542
v -0.301216 0.071717 0.541737
v -0.187959 0.071717 0.541737
v -0.187959 0.071717 -0.539468
v -0.301216 0.226985 0.426161
v -0.301216 0.217686 0.379411
v -0.301216 0.202764 0.357080
v -0.301216 0.217686 0.472910
v -0.301216 0.143801 0.311752
v -0.301216 0.104823 0.303999
v -0.301217 0.217686 -0.377142
v -0.301217 0.224968 -0.413755
v -0.301217 0.189579 -0.336424
v -0.301217 0.191204 -0.337510
v -0.301216 0.151572 0.313297
v -0.301216 0.149967 0.312979
v -0.301216 0.191205 0.339779
v -0.302206 0.104823 0.548322
v -0.296542 0.151572 -0.536754
v -0.302601 0.191204 -0.510272
v -0.294413 0.104823 -0.546053
v -0.295920 0.071717 -0.539468
v -0.301291 0.104823 -0.301730
v -0.301892 0.182852 -0.331929
v -0.301638 0.151572 -0.311029
v -0.299585 0.197226 -0.501260
v -0.300402 0.226184 -0.419869
v -0.295843 0.226208 -0.419988
v -0.300572 0.143788 0.311749
v -0.295231 0.143788 0.311749
v -0.296399 0.224993 -0.413879
v -0.295287 0.225003 -0.413928
v -0.295968 0.225903 -0.418453
v -0.295236 0.189312 -0.336245
v -0.295235 0.187895 -0.335299
v -0.295910 0.182589 -0.331753
v -0.295231 0.149967 0.312979
v -0.297292 0.182622 -0.331775
v -0.200693 0.071717 -0.599062
v -0.227250 0.071717 -0.594862
v -0.251381 0.071717 -0.582062
v -0.279851 0.196290 -0.534713
v -0.202301 0.197226 -0.599088
v -0.098746 0.115027 -0.612364
v -0.293654 0.071717 -0.549372
v -0.239760 0.071717 -0.607573
v -0.264209 0.071717 -0.593918
v -0.283133 0.071717 -0.573480
v -0.098848 0.153916 -0.612364
v -0.237343 0.413665 -0.444926
v -0.186733 0.477668 -0.441881
v -0.187081 0.470708 -0.444047
v -0.219374 0.437286 -0.444694
v -0.203446 0.457743 -0.444034
v -0.191984 0.471924 -0.443046
v -0.175642 0.477668 -0.441881
v -0.183647 0.197226 -0.598783
v -0.270308 0.196648 -0.559677
v -0.252219 0.196952 -0.580677
v -0.228338 0.197155 -0.594517
v -0.083618 0.091759 0.708538
v -0.083618 0.126866 0.708538
v -0.262697 0.122918 0.612093
v -0.262697 0.095707 0.612093
v -0.218202 0.095707 0.656588
v -0.218202 0.122918 0.656588
v -0.083721 0.126866 0.715698
v -0.083721 0.091759 0.715698
v -0.313541 0.292987 0.029534
v -0.313541 0.307092 0.029534
v -0.305223 0.292987 0.034944
v -0.305223 0.307092 0.034944
v -0.313792 0.292987 -0.039790
v -0.313792 0.307092 -0.039790
v -0.305223 0.292987 -0.044948
v -0.305223 0.307092 -0.044948
v -0.310368 0.292987 -0.029966
v -0.310368 0.292987 0.019964
v -0.310368 0.307092 0.019964
v -0.310368 0.307092 -0.029966
v -0.319328 0.292987 0.019964
v -0.319328 0.292987 -0.029966
v -0.319328 0.307092 -0.029966
v -0.319328 0.307092 0.019964
v -0.301813 0.307092 0.034944
v -0.301813 0.292987 0.034944
v -0.301813 0.292987 0.019964
v -0.301813 0.307092 -0.029966
v -0.301813 0.307092 -0.044948
v -0.301813 0.292987 -0.044948
v -0.301813 0.292987 -0.029966
v -0.301813 0.307092 0.019964
v -0.313541 0.292987 -0.335087
v -0.313541 0.307092 -0.335087
v -0.305223 0.292987 -0.329676
v -0.305223 0.307092 -0.329676
v -0.313792 0.292987 -0.404411
v -0.313792 0.307092 -0.404411
v -0.305223 0.292987 -0.409569
v -0.305223 0.307092 -0.409569
v -0.310368 0.292987 -0.394587
v -0.310368 0.292987 -0.344657
v -0.310368 0.307092 -0.344657
v -0.310368 0.307092 -0.394587
v -0.319328 0.292987 -0.344657
v -0.319328 0.292987 -0.394587
v -0.319328 0.307092 -0.394587
v -0.319328 0.307092 -0.344657
v -0.301813 0.307092 -0.329676
v -0.301813 0.292987 -0.329676
v -0.301813 0.292987 -0.344657
v -0.301813 0.307092 -0.394587
v -0.301813 0.307092 -0.409569
v -0.301813 0.292987 -0.409569
v -0.301813 0.292987 -0.394587
v -0.301813 0.307092 -0.344657
v -0.295910 0.342937 0.302591
v -0.295910 0.358413 0.302591
v -0.290131 0.344489 0.302591
v -0.280833 0.356861 0.302591
v -0.295910 0.342937 0.296026
v -0.295910 0.358413 0.296026
v -0.290131 0.344489 0.296026
v -0.280833 0.356861 0.296026
v -0.300134 0.336198 0.304560
v -0.300134 0.365151 0.304560
v -0.300134 0.365151 0.294057
v -0.300134 0.336198 0.294057
v -0.310438 0.330661 0.302379
v -0.310438 0.370688 0.302379
v -0.307609 0.366337 0.289153
v -0.307609 0.335012 0.289153
v -0.351398 0.330661 0.289748
v -0.361335 0.342684 0.286684
v -0.355201 0.331576 0.288576
v -0.358424 0.334182 0.287582
v -0.360579 0.338083 0.286917
v -0.361335 0.358666 0.286684
v -0.351398 0.370688 0.289748
v -0.360579 0.363266 0.286917
v -0.358424 0.367167 0.287582
v -0.355201 0.369773 0.288576
v -0.342063 0.366337 0.269461
v -0.348729 0.358122 0.265652
v -0.344904 0.365585 0.267838
v -0.347018 0.363703 0.266630
v -0.348267 0.361215 0.265916
v -0.348729 0.343227 0.265652
v -0.342063 0.335012 0.269461
v -0.348267 0.340134 0.265916
v -0.347018 0.337646 0.266630
v -0.344904 0.335764 0.267838
v -0.305048 0.370688 0.290617
v -0.305048 0.330661 0.290617
v -0.342262 0.330661 0.269348
v -0.345717 0.331576 0.267374
v -0.348646 0.334182 0.265700
v -0.350603 0.338083 0.264581
v -0.351291 0.342684 0.264188
v -0.345717 0.369773 0.267374
v -0.342262 0.370688 0.269348
v -0.348646 0.367167 0.265700
v -0.350603 0.363266 0.264581
v -0.351291 0.358666 0.264188
v -0.310531 0.366337 0.294267
v -0.310531 0.335012 0.294267
v -0.344986 0.335012 0.274575
v -0.347827 0.335764 0.272952
v -0.349941 0.337646 0.271743
v -0.351190 0.340134 0.271030
v -0.351652 0.343227 0.270765
v -0.347827 0.365585 0.272952
v -0.344986 0.366337 0.274575
v -0.349941 0.363703 0.271743
v -0.351190 0.361215 0.271030
v -0.351652 0.358122 0.270765
v -0.298829 0.328611 -0.444090
v -0.202174 0.334303 -0.590702
v -0.275785 0.335001 -0.531067
v -0.183763 0.334322 -0.589222
v -0.265877 0.334736 -0.554553
v -0.248429 0.334473 -0.573865
v -0.226144 0.334352 -0.586515
v -0.173949 0.464018 -0.455725
v -0.183813 0.460532 -0.460295
v -0.223928 0.421225 -0.467374
v -0.243659 0.397395 -0.468545
v -0.205364 0.441691 -0.465372
v -0.195311 0.458726 -0.456764
v -0.288879 0.335133 -0.469200
v -0.280367 0.328593 -0.532482
v -0.270279 0.328604 -0.557326
v -0.251922 0.328655 -0.578182
v -0.228090 0.328704 -0.591913
v -0.202448 0.328719 -0.596456
v -0.183505 0.328715 -0.594910
v -0.295215 0.328607 -0.461393
v -0.176063 0.469690 -0.450078
v -0.208636 0.443922 -0.458396
v -0.226215 0.422680 -0.459830
v -0.188078 0.464919 -0.455112
v -0.191162 0.455485 -0.462839
v -0.245110 0.398307 -0.460732
v -0.187933 0.449618 -0.458518
v -0.222915 0.328485 -0.582195
v -0.180534 0.328454 -0.584901
v -0.170720 0.458150 -0.451404
v -0.198945 0.328436 -0.586381
v -0.180584 0.454665 -0.455974
v -0.262648 0.328869 -0.550232
v -0.220699 0.415357 -0.463053
v -0.272556 0.329134 -0.526747
v -0.240431 0.391528 -0.464224
v -0.245200 0.328605 -0.569545
v -0.202136 0.435824 -0.461052
v -0.285650 0.329265 -0.464879
v -0.202031 0.213915 -0.593683
v -0.202040 0.219680 -0.593504
v -0.275572 0.213405 -0.532719
v -0.275584 0.219209 -0.532648
v -0.183715 0.219660 -0.592734
v -0.183725 0.213902 -0.592997
v -0.183604 0.214079 -0.597620
v -0.183595 0.219837 -0.597356
v -0.280041 0.219203 -0.533892
v -0.280006 0.213406 -0.534042
v -0.202355 0.219840 -0.598118
v -0.202345 0.214075 -0.598297
v -0.228264 0.214022 -0.593735
v -0.228247 0.219791 -0.593557
v -0.270297 0.219433 -0.558811
v -0.270299 0.213649 -0.558971
v -0.252129 0.213869 -0.579928
v -0.252110 0.219644 -0.579758
v -0.301252 0.243300 -0.424386
v -0.301098 0.248718 -0.425670
v -0.226682 0.213885 -0.589388
v -0.226661 0.219654 -0.589212
v -0.266333 0.219370 -0.556426
v -0.266342 0.213585 -0.556572
v -0.249187 0.213757 -0.576359
v -0.249159 0.219533 -0.576194
v -0.296707 0.243340 -0.425015
v -0.296553 0.248758 -0.426300
v -0.155855 0.286813 -0.595930
v -0.155880 0.261316 -0.596649
v -0.202418 0.289868 -0.597053
v -0.202386 0.258691 -0.597521
v -0.270559 0.248791 -0.557837
v -0.270495 0.293855 -0.557472
v -0.279309 0.298702 -0.535354
v -0.279205 0.243016 -0.535772
v -0.228173 0.289842 -0.592483
v -0.228354 0.258652 -0.592878
v -0.252125 0.290351 -0.578596
v -0.252366 0.254378 -0.578925
v -0.149468 0.292422 -0.595726
v -0.149498 0.256129 -0.596541
v -0.280258 0.301839 -0.532952
v -0.280150 0.239766 -0.533422
v -0.270285 0.296384 -0.557821
v -0.270291 0.246290 -0.558316
v -0.251984 0.292908 -0.578707
v -0.252047 0.251857 -0.579233
v -0.228142 0.292399 -0.592461
v -0.228194 0.256095 -0.593009
v -0.202417 0.292426 -0.597010
v -0.202386 0.256133 -0.597564
v -0.149724 0.292349 -0.591771
v -0.149726 0.256056 -0.592584
v -0.276579 0.301808 -0.531477
v -0.276467 0.239785 -0.531957
v -0.266905 0.296370 -0.555751
v -0.266900 0.246284 -0.556264
v -0.249463 0.292920 -0.575649
v -0.249510 0.251775 -0.576188
v -0.226784 0.292369 -0.588738
v -0.226826 0.255984 -0.589291
v -0.202205 0.292370 -0.593052
v -0.202145 0.256048 -0.593608
v -0.152281 0.289791 -0.591976
v -0.152277 0.258615 -0.592692
v -0.275630 0.298671 -0.533879
v -0.275522 0.243036 -0.534307
v -0.267117 0.293841 -0.555397
v -0.267170 0.248785 -0.555781
v -0.249606 0.290363 -0.575537
v -0.249832 0.254295 -0.575878
v -0.226815 0.289811 -0.588759
v -0.226987 0.258541 -0.589159
v -0.202206 0.289813 -0.593095
v -0.202144 0.258606 -0.593565
v -0.202546 0.286846 -0.599274
v -0.202514 0.261348 -0.599742
v -0.272487 0.253231 -0.558947
v -0.272418 0.290086 -0.558591
v -0.228941 0.286818 -0.594571
v -0.229138 0.261310 -0.594961
v -0.253558 0.287230 -0.580299
v -0.253817 0.257809 -0.580612
v -0.185955 0.286847 -0.598151
v -0.185980 0.261350 -0.598869
v -0.281378 0.294045 -0.540164
v -0.281274 0.248503 -0.540583
v -0.213511 0.071717 -0.612366
v -0.098745 0.115027 -0.619509
v -0.098847 0.153916 -0.619509
v -0.151609 0.168024 0.695295
v -0.150329 0.167929 0.685066
v -0.152831 0.229792 0.694073
v -0.151021 0.229704 0.684070
v -0.302601 0.191204 -0.510272
v -0.299585 0.197226 -0.501260
v -0.285689 0.196686 -0.540976
v -0.293628 0.186756 -0.549483
v -0.283141 0.186756 -0.573549
v -0.275254 0.196871 -0.565026
v -0.264290 0.186756 -0.593950
v -0.256467 0.197048 -0.585347
v -0.239945 0.186756 -0.607581
v -0.232187 0.197178 -0.598843
v -0.213812 0.186756 -0.612366
v -0.206127 0.197226 -0.603491
v -0.301547 0.146909 0.539951
v -0.302363 0.141301 0.541067
v -0.302324 0.077325 0.542853
v -0.301508 0.071717 0.541737
v -0.310976 0.146909 0.572091
v -0.316561 0.141301 0.574404
v -0.310976 0.071717 0.572091
v -0.316561 0.077325 0.574404
v -0.182731 0.141303 0.708394
v -0.180257 0.146909 0.702808
v -0.182730 0.077325 0.708236
v -0.180257 0.071717 0.702808
v -0.029767 0.167593 0.683139
v -0.053962 0.167604 0.683086
v -0.078157 0.167616 0.683032
v -0.102352 0.167627 0.682979
v -0.126547 0.167638 0.682926
v -0.150742 0.167649 0.682873
v -0.029866 0.229362 0.682997
v -0.054159 0.229374 0.682802
v -0.078453 0.229386 0.682606
v -0.102747 0.229399 0.682411
v -0.127040 0.229411 0.682215
v -0.151334 0.229423 0.682020
v -0.029687 0.167467 0.667421
v -0.053882 0.167478 0.667367
v -0.078076 0.167489 0.667314
v -0.102271 0.167500 0.667261
v -0.126466 0.167511 0.667207
v -0.150661 0.167523 0.667154
v -0.029785 0.229236 0.667279
v -0.054079 0.229248 0.667083
v -0.078373 0.229260 0.666888
v -0.102666 0.229273 0.666692
v -0.126960 0.229285 0.666497
v -0.151254 0.229297 0.666301
v -0.017480 0.186558 0.703090
v -0.017480 0.210373 0.703090
v 0.006335 0.186558 0.703090
v 0.006335 0.210373 0.703090
v -0.025470 0.178568 0.683805
v -0.025470 0.218363 0.683805
v 0.014325 0.178568 0.683805
v 0.014325 0.218363 0.683805
vn 0.6993 -0.3690 0.6122
vn -0.9400 -0.1645 0.2990
vn -0.0000 -0.0271 0.9996
vn 0.0068 -0.0178 0.9998
vn 0.0029 -0.0040 1.0000
vn 0.7989 0.6015 -0.0000
vn -0.0000 -1.0000 -0.0000
vn -0.0000 -0.0000 1.0000
vn -0.6015 0.7989 -0.0000
vn -0.4639 0.6765 0.5720
vn -0.2692 0.6627 0.6988
vn -0.2390 0.6576 0.7144
vn -0.4660 0.6764 0.5703
vn 0.0190 0.9998 -0.0003
vn -0.0000 1.0000 -0.0003
vn -0.0000 1.0000 -0.0002
vn 0.0190 0.9998 -0.0002
vn 1.0000 -0.0000 -0.0000
vn 0.6664 0.7276 -0.1628
vn 0.7071 0.6926 -0.1426
vn 0.5282 0.8198 -0.2212
vn -0.0120 -0.9658 0.2592
vn -0.0000 -0.9658 0.2592
vn -0.0079 -0.9842 0.1768
vn -0.0079 -0.9842 0.1766
vn -0.0079 -0.9843 0.1766
vn 0.9499 -0.0001 -0.3127
vn 0.9508 -0.0001 -0.3098
vn 0.9748 -0.0000 -0.2231
vn -0.6709 -0.0000 0.7415
vn 0.7076 -0.0023 0.7067
vn 0.7073 -0.0019 0.7069
vn 0.7072 -0.0005 0.7070
vn 0.7077 -0.0016 0.7065
vn 0.0072 0.0145 0.9999
vn -0.0000 0.0238 0.9997
vn 0.0030 0.0007 1.0000
vn 0.8589 0.0205 -0.5117
vn 0.9642 -0.0019 -0.2653
vn 0.9614 -0.0006 -0.2753
vn 0.8561 0.0208 -0.5164
vn 1.0000 -0.0015 0.0003
vn 1.0000 -0.0019 0.0004
vn -0.0000 1.0000 -0.0001
vn 0.0190 0.9998 -0.0001
vn 0.6015 -0.7989 -0.0000
vn 0.4953 -0.6579 -0.5673
vn 0.1259 -0.1672 -0.9778
vn -0.1259 0.1672 0.9778
vn 0.0079 0.8788 0.4772
vn -0.0000 0.8815 0.4722
vn -0.0000 0.9335 0.3585
vn 0.0085 0.9394 0.3428
vn -0.0000 0.8391 0.5440
vn 0.0041 0.8581 0.5134
vn 0.0042 0.8580 0.5136
vn -0.0000 0.4822 -0.8761
vn 0.0092 0.4822 -0.8760
vn -0.0000 -0.4821 0.8761
vn -0.0668 0.9975 0.0227
vn -0.0504 0.9985 0.0233
vn -0.0196 0.9996 0.0225
vn -0.0230 0.9995 0.0229
vn -0.0000 0.1951 -0.9808
vn -0.0000 -0.0000 -1.0000
vn 0.6215 -0.2043 0.7563
vn 0.7071 -0.0000 -0.7071
vn 0.7071 -0.0000 0.7071
vn -0.0129 0.1344 0.9908
vn 0.0266 0.0203 0.9994
vn -0.1211 -0.2335 0.9648
vn -0.0089 0.1226 0.9924
vn -0.0000 -0.1951 -0.9808
vn -0.0000 -0.3827 -0.9239
vn 1.0000 -0.0034 0.0007
vn -0.0001 -0.0001 -1.0000
vn -0.0001 0.0001 -1.0000
vn 0.0904 -0.0002 -0.9959
vn 0.0901 -0.0002 -0.9959
vn -0.0000 1.0000 -0.0000
vn -0.0000 0.9712 0.2383
vn 0.0088 0.9722 0.2340
vn -0.0000 0.9732 0.2298
vn 0.0074 0.9648 0.2628
vn -0.0000 0.9554 0.2955
vn 0.0225 0.9694 0.2443
vn -0.0000 0.9697 0.2444
vn -0.0000 -0.5161 0.8565
vn -0.0167 -0.5160 0.8564
vn 0.0044 0.2297 -0.9733
vn -0.0000 0.2297 -0.9733
vn -0.0000 -0.0332 0.9994
vn 0.0031 -0.0332 0.9994
vn 0.7130 0.0014 0.7012
vn 0.1578 -0.9842 -0.0801
vn -0.0041 1.0000 -0.0036
vn -0.0000 0.9999 -0.0133
vn -0.0002 0.9999 -0.0133
vn -0.0003 0.9999 -0.0116
vn 0.0748 0.0111 -0.9971
vn 0.3346 0.0149 -0.9423
vn 0.3427 0.0149 -0.9393
vn 0.0747 0.0111 -0.9971
vn 0.0594 -0.1363 -0.9889
vn 0.0133 -0.0912 -0.9957
vn 0.0613 -0.1381 -0.9885
vn -0.0207 0.0577 -0.9981
vn 0.0741 0.0522 -0.9959
vn 0.0735 0.0522 -0.9959
vn 0.6293 -0.4560 -0.6293
vn -0.1621 -0.0655 -0.9846
vn -0.0225 -0.1482 -0.9887
vn -0.0244 -0.1452 -0.9891
vn -0.1446 -0.0640 -0.9874
vn -0.2275 -0.0711 -0.9712
vn 0.6293 -0.4560 0.6293
vn -0.0213 0.9972 0.0720
vn -0.0213 0.9972 0.0721
vn -0.0119 0.9999 -0.0001
vn 0.0340 -0.2328 -0.9719
vn 0.5701 0.8216 0.0031
vn 0.7108 0.7034 -0.0027
vn 0.6787 0.7344 -0.0013
vn 1.0000 -0.0002 0.0032
vn 0.9999 0.0168 0.0029
vn 0.9997 0.0252 0.0077
vn 0.7947 0.5999 -0.0926
vn 0.7989 0.6014 -0.0070
vn 1.0000 0.0054 0.0038
vn 0.9999 -0.0008 0.0100
vn 0.9984 0.0560 0.0091
vn 1.0000 0.0001 -0.0000
vn -0.0205 0.0911 0.9956
vn -0.0699 0.1351 0.9884
vn -0.0678 0.1332 0.9888
vn 0.5800 -0.5719 -0.5801
vn 0.0364 -0.9889 -0.1438
vn 0.2050 -0.1770 -0.9626
vn 0.1604 -0.1800 -0.9705
vn 0.1510 -0.1805 -0.9719
vn -0.1503 0.1602 0.9756
vn -0.1431 0.1637 0.9761
vn -0.0305 0.9891 0.1438
vn -0.1775 0.1471 0.9731
vn -0.0000 -0.9997 -0.0224
vn -0.0000 -0.9239 0.3827
vn -0.0000 -0.9321 0.3622
vn -0.0846 0.9962 0.0220
vn -0.0000 -0.7130 0.7012
vn -0.0000 -0.7071 0.7071
vn -0.0000 -0.3827 0.9239
vn -0.0000 -0.3924 0.9198
vn -0.0000 0.1951 0.9808
vn -0.0000 -0.0006 -1.0000
vn -0.0000 -0.3835 -0.9235
vn -0.0000 -0.5556 -0.8315
vn -0.0000 -0.7071 -0.7071
vn -0.0000 -0.9239 -0.3827
vn -0.0000 -0.9808 -0.1951
vn -0.0000 -0.8315 0.5556
vn -0.0000 -0.1951 0.9808
vn 0.9046 0.1560 -0.3968
vn 0.9011 -0.1594 -0.4033
vn 0.8947 -0.2276 -0.3842
vn 0.8990 -0.0064 -0.4379
vn 0.8989 0.2267 -0.3749
vn -0.0000 -0.8315 -0.5556
vn 0.0424 0.0216 0.9989
vn -0.0744 -0.0929 0.9929
vn -0.1396 -0.2300 0.9631
vn -0.1187 -0.3004 0.9464
vn 0.3430 0.0445 -0.9383
vn 0.3415 0.0445 -0.9388
vn -0.0161 0.0154 -0.9998
vn -0.0218 0.0100 -0.9997
vn -0.4898 -0.3259 -0.8086
vn -0.4947 -0.3222 -0.8071
vn -0.4936 -0.3231 -0.8075
vn -0.6327 0.6538 0.4151
vn -0.6581 0.6464 0.3860
vn 0.8371 -0.0004 -0.5470
vn 0.8371 -0.0004 -0.5471
vn 0.6187 -0.0007 -0.7856
vn 0.6188 -0.0007 -0.7856
vn 0.3384 -0.0006 -0.9410
vn 0.3387 -0.0006 -0.9409
vn -0.0061 0.9998 0.0175
vn -0.0056 0.9998 0.0171
vn 0.7998 0.5765 -0.1672
vn 0.7971 0.5788 -0.1723
vn 0.7825 0.5877 -0.2056
vn 0.7791 0.5931 -0.2032
vn -0.4705 -0.3405 -0.8140
vn -0.4658 -0.3440 -0.8153
vn -0.4655 -0.3442 -0.8153
vn -0.4697 -0.3412 -0.8143
vn -0.7573 0.6025 0.2522
vn -0.7778 0.5892 0.2189
vn 0.6230 0.0136 -0.7821
vn 0.6367 0.0135 -0.7710
vn -0.0470 0.2330 0.9713
vn 0.7074 -0.0005 0.7069
vn 0.7076 -0.0010 0.7066
vn -0.7071 -0.0000 0.7071
vn 0.0143 -0.0000 0.9999
vn 0.9999 -0.0000 -0.0143
vn 0.7186 -0.0000 0.6954
vn 0.5452 -0.0000 0.8383
vn 0.5157 -0.0000 -0.8568
vn 0.7172 -0.0000 -0.6969
vn 0.8557 -0.0000 0.5175
vn 0.9673 -0.0000 -0.2537
vn -1.0000 -0.0000 -0.0000
vn -0.2847 -0.0000 0.9586
vn -0.2736 -0.0000 0.9618
vn -0.7994 -0.6008 -0.0000
vn -0.2735 -0.0000 -0.9619
vn -0.2847 -0.0000 -0.9586
vn -0.8473 0.5311 -0.0000
vn -0.7130 0.6977 0.0698
vn -0.6846 0.7242 0.0821
vn -0.2593 -0.9658 -0.0000
vn -0.1024 0.9947 -0.0000
vn -0.5436 -0.0000 -0.8393
vn -0.5233 -0.0000 -0.8521
vn -0.4225 -0.0000 0.9064
vn -0.8473 -0.5311 -0.0000
vn -0.6846 -0.7242 0.0821
vn -0.7130 -0.6977 0.0698
vn 0.1115 0.9925 -0.0499
vn 0.1100 0.9927 -0.0492
vn -0.5505 -0.8241 0.1333
vn 0.2071 -0.0000 0.9783
vn 0.2591 -0.0000 0.9658
vn -0.5505 0.8241 0.1333
vn 0.1100 -0.9927 -0.0492
vn 0.1115 -0.9925 -0.0499
vn 0.9099 -0.0842 -0.4063
vn 0.9099 0.0842 -0.4063
vn 0.9099 0.0841 -0.4063
vn 0.9099 -0.0841 -0.4063
vn -0.8650 -0.0851 0.4945
vn -0.8650 0.0851 0.4945
vn 0.4023 -0.8977 -0.1799
vn 0.4046 -0.8964 -0.1809
vn 0.6938 -0.6501 -0.3100
vn 0.6948 -0.6487 -0.3105
vn 0.8603 -0.3350 -0.3842
vn 0.8606 -0.3342 -0.3844
vn 0.4046 0.8964 -0.1809
vn 0.4023 0.8977 -0.1799
vn 0.6949 0.6486 -0.3105
vn 0.6938 0.6500 -0.3100
vn 0.8606 0.3342 -0.3844
vn 0.8603 0.3350 -0.3842
vn 0.2947 -0.0000 0.9556
vn -0.4962 -0.0000 -0.8682
vn -0.4961 -0.0000 -0.8683
vn -0.4964 -0.0000 -0.8681
vn -0.3713 -0.9039 0.2122
vn -0.6535 -0.6583 0.3736
vn -0.6536 -0.6583 0.3736
vn -0.8164 0.3403 0.4666
vn -0.6535 0.6583 0.3736
vn -0.6536 0.6583 0.3736
vn -0.0979 0.9936 0.0559
vn -0.0979 0.9936 0.0560
vn 0.8682 -0.0000 -0.4962
vn -0.8164 -0.3403 0.4666
vn -0.0979 -0.9936 0.0559
vn -0.3713 0.9039 0.2122
vn 0.0051 0.0011 1.0000
vn -0.0000 0.0011 1.0000
vn 1.0000 -0.0026 -0.0001
vn 0.0003 1.0000 0.0097
vn 0.0008 1.0000 0.0075
vn 0.0011 1.0000 0.0029
vn 0.0005 1.0000 0.0013
vn 0.8556 0.0136 -0.5174
vn 0.6360 0.0242 -0.7713
vn 0.6375 0.0241 -0.7701
vn 0.8572 0.0134 -0.5148
vn 0.0072 0.7278 -0.6858
vn 0.0034 0.7236 -0.6902
vn -0.0000 0.7191 -0.6949
vn -0.0000 0.7364 -0.6766
vn -0.0000 -0.5947 -0.8039
vn 0.0097 -0.5947 -0.8039
vn 0.7389 0.6087 -0.2890
vn 0.6740 0.6181 -0.4046
vn 0.6980 0.6173 -0.3630
vn 0.7484 0.6067 -0.2680
vn 0.2607 0.7101 -0.6540
vn -0.0031 0.7186 -0.6954
vn 0.5437 0.6446 -0.5374
vn 0.5572 0.6548 -0.5107
vn 0.5093 0.6624 -0.5495
vn 0.0452 0.5766 0.8158
vn -0.0000 0.5916 0.8062
vn 0.0285 0.5833 0.8117
vn 0.6460 0.6474 -0.4044
vn 0.7607 0.6049 -0.2356
vn 0.7606 0.6049 -0.2358
vn 0.6455 0.6475 -0.4050
vn 0.4593 0.6852 -0.5653
vn 0.4590 0.6852 -0.5655
vn 0.2403 0.7093 -0.6627
vn 0.2401 0.7093 -0.6628
vn 0.0326 0.7153 -0.6980
vn 0.0327 0.7153 -0.6980
vn -0.0312 0.7105 -0.7031
vn 0.7939 0.5813 -0.1782
vn -0.0000 0.7067 -0.7075
vn 0.0007 0.7200 -0.6940
vn -0.0000 0.7015 -0.7127
vn 0.7100 0.6139 -0.3451
vn 0.6135 0.6167 -0.4933
vn 0.1509 0.7095 -0.6884
vn 0.4362 0.6419 -0.6306
vn 0.7709 0.5931 -0.2324
vn -0.4864 -0.3286 -0.8096
vn -0.4857 -0.3291 -0.8098
vn -0.0602 0.6132 0.7877
vn -0.0103 0.5966 0.8025
vn -0.4690 -0.3417 -0.8144
vn -0.4713 -0.3400 -0.8138
vn -0.8055 0.5679 0.1693
vn -0.4755 -0.3368 -0.8127
vn 0.6389 0.0364 -0.7684
vn 0.6363 0.0365 -0.7706
vn 0.8435 0.0094 -0.5371
vn 0.8549 0.0090 -0.5187
vn 0.9660 -0.0028 -0.2586
vn 0.9568 -0.0004 -0.2907
vn 0.9826 -0.0121 -0.1855
vn -0.0000 0.0575 -0.9983
vn 0.9584 -0.0016 -0.2855
vn 0.9806 -0.0075 -0.1960
vn 0.9651 -0.0032 -0.2620
vn -0.0161 0.9648 -0.2624
vn -0.0097 0.9919 -0.1268
vn -0.0098 0.9917 -0.1280
vn 0.0067 -0.9996 -0.0292
vn 0.0097 -0.9997 -0.0220
vn 0.0064 -0.9999 -0.0135
vn 0.0081 -0.9916 0.1292
vn 0.0080 -0.9919 0.1271
vn 0.0065 -0.9999 -0.0135
vn 0.1317 -0.2252 -0.9654
vn -0.0065 0.9999 0.0140
vn 0.0130 -0.9647 0.2630
vn -0.0094 0.9997 0.0221
vn -0.0065 0.9996 0.0292
vn -0.0000 0.0182 -0.9998
vn -0.0325 0.0323 -0.9990
vn -0.0198 0.0231 -0.9995
vn 0.3411 0.0295 -0.9396
vn 0.3420 0.0295 -0.9393
vn 0.0661 0.0346 -0.9972
vn -0.0268 0.0383 -0.9989
vn 0.0666 0.0346 -0.9972
vn 0.9583 -0.0001 -0.2858
vn 0.9628 -0.0014 -0.2702
vn -0.0000 0.0382 -0.9993
vn 0.9816 -0.0082 -0.1908
vn 0.0008 0.9993 0.0373
vn -0.0000 0.9993 0.0382
vn -0.0015 0.9994 0.0343
vn -0.0000 -0.9993 -0.0381
vn -0.0007 -0.9993 -0.0373
vn 0.0016 -0.9994 -0.0344
vn 0.8518 0.0077 -0.5239
vn 0.8407 0.0081 -0.5414
vn 0.0176 -0.8584 -0.5126
vn -0.0326 -0.9321 -0.3607
vn -0.0485 -0.6733 -0.7378
vn 0.0432 -0.6583 -0.7515
vn 0.6340 0.0123 -0.7732
vn 0.6268 0.0124 -0.7790
vn 0.6367 0.5807 -0.5074
vn 0.6651 0.6141 -0.4249
vn 0.6318 0.5751 -0.5198
vn 0.3422 0.0146 -0.9395
vn 0.3406 0.0146 -0.9401
vn 0.6636 -0.5243 -0.5336
vn 0.4863 -0.5351 -0.6908
vn 0.4653 -0.5428 -0.6992
vn 0.6527 -0.5172 -0.5536
vn 0.0680 0.0263 -0.9973
vn 0.0678 0.0263 -0.9974
vn -0.0574 0.6026 -0.7960
vn 0.0449 0.5983 -0.8000
vn 0.0427 0.5985 -0.8000
vn 0.9188 -0.0052 0.3947
vn -0.0002 -0.9999 -0.0163
vn 0.0006 -0.9999 -0.0137
vn 0.0006 -0.9999 -0.0136
vn -0.1154 -0.9756 -0.1866
vn -0.1083 -0.9707 -0.2147
vn -0.1154 -0.9756 -0.1867
vn -0.0098 1.0000 0.0017
vn -0.0204 0.9831 -0.1818
vn -0.0199 0.9841 -0.1764
vn 0.1222 0.9841 0.1289
vn 0.0602 0.9962 0.0622
vn 0.0600 0.9963 0.0621
vn 0.1222 0.9841 0.1288
vn -0.0963 0.9791 -0.1789
vn -0.0899 0.9865 -0.1372
vn -0.0899 0.9864 -0.1373
vn -0.0148 -0.9824 -0.1861
vn -0.0319 -0.9378 -0.3456
vn 0.0098 -1.0000 -0.0016
vn 0.0510 -0.9974 0.0517
vn 0.0508 -0.9974 0.0516
vn 0.9981 0.0018 -0.0611
vn 0.3709 -0.0078 0.9286
vn -0.0381 0.9313 -0.3623
vn 0.1151 0.9757 0.1867
vn 0.1152 0.9757 0.1866
vn -0.7402 0.0167 -0.6722
vn -0.0423 0.0297 -0.9987
vn -0.0398 0.0096 -0.9992
vn 0.9296 -0.0044 -0.3685
vn 0.9286 0.0074 -0.3710
vn 0.9286 0.0073 -0.3710
vn 0.8527 0.0030 -0.5225
vn 0.8536 0.0031 -0.5209
vn 0.8552 0.0021 -0.5182
vn 0.8563 0.0020 -0.5164
vn 0.6355 -0.0030 -0.7721
vn 0.6364 -0.0031 -0.7713
vn 0.6389 0.0209 -0.7690
vn 0.6405 0.0208 -0.7677
vn 0.3420 0.0076 -0.9397
vn 0.3425 0.0076 -0.9395
vn 0.3440 0.0281 -0.9385
vn 0.3452 0.0281 -0.9381
vn 0.0752 0.0252 -0.9969
vn 0.0753 0.0252 -0.9968
vn 0.0778 0.0124 -0.9969
vn 0.0779 0.0124 -0.9969
vn -0.0600 -0.9963 -0.0620
vn -0.0601 -0.9963 -0.0620
vn -0.0509 0.9974 -0.0515
vn -0.0509 0.9974 -0.0516
vn -0.0010 0.9997 0.0225
vn 0.0004 0.9998 0.0200
vn -0.0010 0.9997 0.0226
vn 0.0898 -0.9865 0.1372
vn 0.0960 -0.9792 0.1787
vn 0.0898 -0.9865 0.1371
vn -0.1222 -0.9841 -0.1287
vn -0.1222 -0.9841 -0.1288
vn 0.1082 0.9708 0.2142
vn -0.3709 0.0078 -0.9286
vn 0.8426 0.0068 -0.5386
vn 0.9007 0.0037 -0.4344
vn 0.8441 0.0067 -0.5361
vn 0.6428 0.0129 -0.7659
vn 0.6496 0.0127 -0.7602
vn 0.3452 0.0164 -0.9384
vn 0.3511 0.0164 -0.9362
vn -0.0668 0.0256 -0.9974
vn 0.0585 0.0203 -0.9981
vn 0.0583 0.0203 -0.9981
vn 0.2741 0.5900 -0.7594
vn 0.5047 0.5610 -0.6562
vn 0.4988 0.5624 -0.6595
vn 0.2732 0.5900 -0.7597
vn 0.7050 -0.5506 -0.4470
vn -0.0736 0.0280 -0.9969
vn 0.2406 -0.6122 -0.7532
vn 0.2344 -0.6139 -0.7538
vn -0.0000 -0.0001 -1.0000
vn -0.0000 0.0001 -1.0000
vn -0.0001 -0.0000 -1.0000
vn 0.0910 0.0150 0.9957
vn 0.9884 -0.0180 -0.1507
vn -0.0099 -0.9999 0.0106
vn -0.0911 -0.0179 -0.9957
vn 0.0099 0.9999 -0.0105
vn -0.9884 0.0180 0.1507
vn 0.6410 0.7226 -0.2587
vn 0.5531 0.7452 -0.3726
vn 0.5698 0.7426 -0.3521
vn 0.6484 0.7190 -0.2502
vn 0.4135 0.7492 -0.5175
vn 0.4080 0.7488 -0.5224
vn 0.2502 0.7257 -0.6409
vn 0.2138 0.7174 -0.6631
vn 0.0837 0.6789 -0.7295
vn 0.0466 0.6659 -0.7446
vn 0.6602 0.7129 -0.2364
vn -0.0000 0.6479 -0.7617
vn 0.8632 0.3974 -0.3115
vn -0.0000 0.7069 0.7073
vn 0.0050 0.7069 0.7073
vn 0.5010 -0.7057 0.5010
vn -0.0000 -0.7019 0.7123
vn 0.0054 -0.7018 0.7123
vn 0.8599 -0.3901 -0.3293
vn 0.4986 0.7093 0.4983
vn 0.0051 0.0149 0.9999
vn 1.0000 -0.0081 -0.0051
vn 0.0051 0.0103 0.9999
vn -1.0000 0.0032 0.0051
vn 0.0051 0.0057 1.0000
vn 0.0006 -1.0000 0.0080
vn 0.0051 0.0126 0.9999
vn 0.0051 0.0080 1.0000
vn 0.0051 0.0034 1.0000
vn -0.0005 1.0000 -0.0080
vn 1.0000 -0.0016 -0.0051
vn -1.0000 0.0064 0.0051
vn 1.0000 -0.0048 -0.0051
vn -0.9999 0.0097 0.0051
vn -0.9238 -0.0000 0.3828
vn 0.9238 -0.0000 0.3828
vn -0.0000 -0.9238 0.3828
vn -0.0000 0.9238 0.3828
vn -0.6993 -0.3690 0.6122
vn 0.9400 -0.1645 0.2990
vn -0.0029 -0.0040 1.0000
vn -0.0068 -0.0178 0.9998
vn -0.7989 0.6015 -0.0000
vn 0.6015 0.7989 -0.0000
vn 0.4639 0.6765 0.5720
vn 0.4660 0.6764 0.5703
vn 0.2390 0.6576 0.7144
vn 0.2692 0.6627 0.6988
vn -0.0190 0.9998 -0.0003
vn -0.0190 0.9998 -0.0002
vn -0.6664 0.7276 -0.1628
vn -0.5282 0.8198 -0.2212
vn -0.7071 0.6926 -0.1426
vn 0.0120 -0.9658 0.2592
vn 0.0079 -0.9842 0.1766
vn 0.0079 -0.9842 0.1768
vn 0.0079 -0.9843 0.1766
vn -0.9499 -0.0001 -0.3127
vn -0.9748 -0.0000 -0.2231
vn -0.9508 -0.0001 -0.3098
vn 0.6709 -0.0000 0.7415
vn -0.7075 -0.0024 0.7067
vn -0.7077 -0.0016 0.7065
vn -0.7072 -0.0005 0.7071
vn -0.7073 -0.0019 0.7069
vn -0.0072 0.0145 0.9999
vn -0.0030 0.0007 1.0000
vn -0.8589 0.0205 -0.5117
vn -0.8561 0.0208 -0.5164
vn -0.9614 -0.0006 -0.2753
vn -0.9642 -0.0019 -0.2653
vn -1.0000 -0.0015 0.0003
vn -1.0000 -0.0019 0.0004
vn -0.0190 0.9998 -0.0001
vn -0.6015 -0.7989 -0.0000
vn -0.4953 -0.6579 -0.5673
vn -0.1259 -0.1672 -0.9778
vn 0.1259 0.1672 0.9778
vn -0.0079 0.8788 0.4772
vn -0.0085 0.9394 0.3428
vn -0.0042 0.8580 0.5136
vn -0.0041 0.8581 0.5134
vn -0.0092 0.4822 -0.8760
vn 0.0668 0.9975 0.0227
vn 0.0230 0.9995 0.0229
vn 0.0196 0.9996 0.0225
vn 0.0504 0.9985 0.0233
vn -0.6215 -0.2043 0.7563
vn -0.7071 -0.0000 -0.7071
vn 0.0129 0.1344 0.9908
vn 0.0089 0.1226 0.9924
vn 0.1211 -0.2335 0.9648
vn -0.0266 0.0203 0.9994
vn -1.0000 -0.0034 0.0007
vn 0.0001 -0.0001 -1.0000
vn -0.0901 -0.0002 -0.9959
vn -0.0904 -0.0002 -0.9959
vn 0.0001 0.0001 -1.0000
vn -0.0088 0.9722 0.2340
vn -0.0074 0.9648 0.2628
vn -0.0225 0.9694 0.2443
vn 0.0167 -0.5160 0.8564
vn -0.0044 0.2297 -0.9733
vn -0.0031 -0.0332 0.9994
vn -0.7130 0.0014 0.7012
vn -0.1578 -0.9842 -0.0801
vn 0.0041 1.0000 -0.0036
vn 0.0003 0.9999 -0.0116
vn 0.0002 0.9999 -0.0133
vn -0.0748 0.0111 -0.9971
vn -0.0747 0.0111 -0.9971
vn -0.3427 0.0149 -0.9393
vn -0.3346 0.0149 -0.9423
vn -0.0594 -0.1363 -0.9889
vn -0.0613 -0.1381 -0.9885
vn -0.0133 -0.0912 -0.9957
vn 0.0207 0.0577 -0.9981
vn -0.0735 0.0522 -0.9959
vn -0.0741 0.0522 -0.9959
vn -0.6293 -0.4560 -0.6293
vn 0.1621 -0.0655 -0.9846
vn 0.1446 -0.0640 -0.9874
vn 0.0244 -0.1452 -0.9891
vn 0.0225 -0.1482 -0.9887
vn 0.2275 -0.0711 -0.9712
vn -0.6293 -0.4560 0.6293
vn 0.0213 0.9972 0.0720
vn 0.0119 0.9999 -0.0001
vn 0.0213 0.9972 0.0721
vn -0.0340 -0.2328 -0.9719
vn -0.5701 0.8216 0.0031
vn -0.6787 0.7344 -0.0013
vn -0.7108 0.7034 -0.0027
vn -1.0000 -0.0002 0.0032
vn -0.9997 0.0252 0.0077
vn -0.9999 0.0168 0.0029
vn -0.7947 0.5999 -0.0926
vn -0.7989 0.6014 -0.0070
vn -1.0000 0.0054 0.0038
vn -0.9999 -0.0008 0.0100
vn -0.9984 0.0560 0.0091
vn -1.0000 0.0001 -0.0000
vn 0.0205 0.0911 0.9956
vn 0.0678 0.1332 0.9888
vn 0.0699 0.1351 0.9884
vn -0.5800 -0.5719 -0.5801
vn -0.0364 -0.9889 -0.1438
vn -0.2050 -0.1770 -0.9626
vn -0.1510 -0.1805 -0.9719
vn -0.1604 -0.1800 -0.9705
vn 0.1431 0.1637 0.9761
vn 0.1503 0.1602 0.9756
vn 0.0305 0.9891 0.1438
vn 0.1775 0.1471 0.9731
vn 0.0846 0.9962 0.0220
vn -0.9046 0.1560 -0.3968
vn -0.8989 0.2267 -0.3749
vn -0.8990 -0.0064 -0.4379
vn -0.8948 -0.2275 -0.3842
vn -0.9011 -0.1594 -0.4033
vn -0.0424 0.0216 0.9989
vn 0.0744 -0.0929 0.9929
vn 0.1396 -0.2300 0.9631
vn 0.1187 -0.3004 0.9464
vn -0.3415 0.0445 -0.9388
vn -0.3430 0.0445 -0.9383
vn 0.0161 0.0154 -0.9998
vn 0.0218 0.0100 -0.9997
vn 0.4898 -0.3259 -0.8086
vn 0.4936 -0.3231 -0.8075
vn 0.4947 -0.3222 -0.8071
vn 0.6327 0.6538 0.4151
vn 0.6581 0.6464 0.3860
vn -0.8371 -0.0004 -0.5470
vn -0.8371 -0.0004 -0.5471
vn -0.6188 -0.0007 -0.7856
vn -0.6187 -0.0007 -0.7856
vn -0.3384 -0.0006 -0.9410
vn -0.3387 -0.0006 -0.9409
vn 0.0056 0.9998 0.0171
vn 0.0061 0.9998 0.0175
vn -0.7998 0.5765 -0.1672
vn -0.7791 0.5931 -0.2032
vn -0.7825 0.5877 -0.2056
vn -0.7971 0.5788 -0.1723
vn 0.4705 -0.3405 -0.8140
vn 0.4697 -0.3412 -0.8143
vn 0.4655 -0.3442 -0.8153
vn 0.4658 -0.3440 -0.8153
vn 0.7573 0.6025 0.2522
vn 0.7778 0.5892 0.2189
vn -0.6367 0.0135 -0.7710
vn -0.6230 0.0136 -0.7821
vn 0.0470 0.2330 0.9713
vn -0.7076 -0.0010 0.7066
vn -0.7074 -0.0005 0.7069
vn -0.0143 -0.0000 0.9999
vn -0.9999 -0.0000 -0.0144
vn -0.7186 -0.0000 0.6954
vn -0.5452 -0.0000 0.8383
vn -0.5157 -0.0000 -0.8568
vn -0.7172 -0.0000 -0.6969
vn -0.8557 -0.0000 0.5175
vn -0.9673 -0.0000 -0.2537
vn 0.2848 -0.0000 0.9586
vn 0.2736 -0.0000 0.9618
vn 0.7994 -0.6008 -0.0000
vn 0.2847 -0.0000 -0.9586
vn 0.2735 -0.0000 -0.9619
vn 0.8473 0.5311 -0.0000
vn 0.6847 0.7242 0.0821
vn 0.7130 0.6977 0.0698
vn 0.2593 -0.9658 -0.0000
vn 0.1024 0.9947 -0.0000
vn 0.5436 -0.0000 -0.8393
vn 0.5233 -0.0000 -0.8521
vn 0.4225 -0.0000 0.9064
vn 0.8473 -0.5311 -0.0000
vn 0.7130 -0.6977 0.0698
vn 0.6847 -0.7242 0.0821
vn -0.1100 0.9927 -0.0492
vn -0.1115 0.9925 -0.0499
vn 0.5505 -0.8241 0.1333
vn -0.2070 -0.0000 0.9783
vn -0.2591 -0.0000 0.9659
vn 0.5505 0.8241 0.1333
vn -0.1115 -0.9925 -0.0499
vn -0.1099 -0.9927 -0.0492
vn -0.9099 -0.0842 -0.4063
vn -0.9099 -0.0841 -0.4063
vn -0.9099 0.0841 -0.4063
vn -0.9099 0.0842 -0.4063
vn 0.8650 -0.0851 0.4945
vn 0.8650 0.0851 0.4945
vn -0.4046 -0.8964 -0.1809
vn -0.4023 -0.8977 -0.1799
vn -0.6948 -0.6487 -0.3105
vn -0.6938 -0.6501 -0.3100
vn -0.8606 -0.3342 -0.3844
vn -0.8603 -0.3350 -0.3842
vn -0.4023 0.8977 -0.1799
vn -0.4046 0.8964 -0.1809
vn -0.6938 0.6500 -0.3100
vn -0.6949 0.6486 -0.3105
vn -0.8603 0.3350 -0.3842
vn -0.8606 0.3342 -0.3844
vn -0.2947 -0.0000 0.9556
vn 0.4961 -0.0000 -0.8683
vn 0.4962 -0.0000 -0.8682
vn 0.4964 -0.0000 -0.8681
vn 0.3713 -0.9039 0.2122
vn 0.6536 -0.6583 0.3736
vn 0.6535 -0.6583 0.3736
vn 0.8164 0.3403 0.4666
vn 0.6536 0.6583 0.3736
vn 0.6535 0.6583 0.3736
vn 0.0979 0.9936 0.0559
vn 0.0979 0.9936 0.0560
vn -0.8682 -0.0000 -0.4962
vn 0.8164 -0.3403 0.4666
vn 0.0979 -0.9936 0.0560
vn 0.0979 -0.9936 0.0559
vn 0.3713 0.9039 0.2122
vn -0.0051 0.0011 1.0000
vn -1.0000 -0.0026 -0.0001
vn -0.0008 1.0000 0.0075
vn -0.0003 1.0000 0.0097
vn -0.0005 1.0000 0.0013
vn -0.0011 1.0000 0.0029
vn -0.8556 0.0136 -0.5174
vn -0.8572 0.0134 -0.5148
vn -0.6375 0.0241 -0.7701
vn -0.6360 0.0242 -0.7713
vn -0.0072 0.7278 -0.6858
vn -0.0034 0.7236 -0.6902
vn -0.0097 -0.5947 -0.8039
vn -0.7389 0.6087 -0.2890
vn -0.7484 0.6067 -0.2680
vn -0.6980 0.6173 -0.3630
vn -0.6740 0.6181 -0.4046
vn -0.2607 0.7101 -0.6540
vn 0.0031 0.7186 -0.6954
vn -0.5572 0.6548 -0.5107
vn -0.5437 0.6446 -0.5374
vn -0.5093 0.6624 -0.5495
vn -0.0452 0.5766 0.8158
vn -0.0285 0.5833 0.8117
vn -0.6460 0.6474 -0.4044
vn -0.6455 0.6475 -0.4050
vn -0.7606 0.6049 -0.2358
vn -0.7607 0.6049 -0.2356
vn -0.4593 0.6852 -0.5653
vn -0.4590 0.6852 -0.5655
vn -0.2403 0.7093 -0.6627
vn -0.2401 0.7093 -0.6628
vn -0.0326 0.7154 -0.6980
vn -0.0327 0.7153 -0.6980
vn 0.0312 0.7105 -0.7031
vn -0.7939 0.5813 -0.1782
vn -0.0007 0.7200 -0.6940
vn -0.7100 0.6139 -0.3451
vn -0.6135 0.6167 -0.4933
vn -0.1509 0.7095 -0.6884
vn -0.4362 0.6419 -0.6306
vn -0.7709 0.5931 -0.2324
vn 0.4864 -0.3286 -0.8096
vn 0.4857 -0.3291 -0.8098
vn 0.0103 0.5966 0.8025
vn 0.0602 0.6132 0.7877
vn 0.4713 -0.3400 -0.8138
vn 0.4690 -0.3417 -0.8144
vn 0.8055 0.5679 0.1693
vn 0.4755 -0.3368 -0.8127
vn -0.6389 0.0364 -0.7684
vn -0.6363 0.0365 -0.7706
vn -0.8549 0.0090 -0.5187
vn -0.8435 0.0094 -0.5371
vn -0.9568 -0.0004 -0.2907
vn -0.9660 -0.0028 -0.2586
vn -0.9826 -0.0121 -0.1855
vn -0.9584 -0.0016 -0.2855
vn -0.9651 -0.0032 -0.2620
vn -0.9806 -0.0075 -0.1960
vn 0.0161 0.9648 -0.2624
vn 0.0098 0.9917 -0.1280
vn 0.0097 0.9919 -0.1268
vn -0.0067 -0.9996 -0.0292
vn -0.0097 -0.9997 -0.0220
vn -0.0064 -0.9999 -0.0135
vn -0.0065 -0.9999 -0.0135
vn -0.0080 -0.9919 0.1271
vn -0.0081 -0.9916 0.1292
vn -0.1317 -0.2252 -0.9654
vn 0.0065 0.9999 0.0140
vn -0.0130 -0.9647 0.2630
vn 0.0094 0.9997 0.0221
vn 0.0065 0.9996 0.0292
vn 0.0198 0.0231 -0.9995
vn 0.0325 0.0323 -0.9990
vn -0.3420 0.0295 -0.9393
vn -0.3411 0.0295 -0.9396
vn -0.0661 0.0346 -0.9972
vn -0.0666 0.0346 -0.9972
vn 0.0268 0.0383 -0.9989
vn -0.9583 -0.0001 -0.2858
vn -0.9628 -0.0014 -0.2702
vn -0.9816 -0.0082 -0.1908
vn -0.0008 0.9993 0.0373
vn 0.0015 0.9994 0.0343
vn 0.0007 -0.9993 -0.0373
vn -0.0016 -0.9994 -0.0344
vn -0.8518 0.0077 -0.5239
vn -0.8407 0.0081 -0.5414
vn -0.0176 -0.8584 -0.5127
vn -0.0432 -0.6583 -0.7515
vn 0.0485 -0.6733 -0.7378
vn 0.0326 -0.9321 -0.3607
vn -0.6340 0.0123 -0.7732
vn -0.6268 0.0124 -0.7790
vn -0.6367 0.5807 -0.5074
vn -0.6318 0.5751 -0.5198
vn -0.6651 0.6141 -0.4249
vn -0.3422 0.0146 -0.9395
vn -0.3406 0.0146 -0.9401
vn -0.6636 -0.5243 -0.5336
vn -0.6527 -0.5172 -0.5536
vn -0.4653 -0.5428 -0.6992
vn -0.4863 -0.5351 -0.6908
vn -0.0678 0.0263 -0.9974
vn -0.0680 0.0263 -0.9973
vn 0.0574 0.6026 -0.7960
vn -0.0427 0.5985 -0.8000
vn -0.0449 0.5983 -0.8000
vn -0.9188 -0.0052 0.3948
vn 0.0002 -0.9999 -0.0163
vn -0.0006 -0.9999 -0.0136
vn -0.0006 -0.9999 -0.0137
vn 0.1154 -0.9756 -0.1866
vn 0.1154 -0.9756 -0.1867
vn 0.1086 -0.9707 -0.2145
vn 0.0098 1.0000 0.0017
vn 0.0199 0.9841 -0.1764
vn 0.0204 0.9831 -0.1818
vn -0.1222 0.9841 0.1289
vn -0.1222 0.9841 0.1288
vn -0.0600 0.9963 0.0621
vn -0.0602 0.9962 0.0622
vn 0.0963 0.9791 -0.1789
vn 0.0899 0.9864 -0.1373
vn 0.0899 0.9865 -0.1372
vn 0.0319 -0.9378 -0.3456
vn 0.0148 -0.9824 -0.1861
vn -0.0098 -1.0000 -0.0016
vn -0.0508 -0.9974 0.0516
vn -0.0510 -0.9974 0.0517
vn -0.9981 0.0018 -0.0611
vn -0.3709 -0.0078 0.9286
vn 0.0381 0.9313 -0.3623
vn -0.1151 0.9757 0.1867
vn -0.1152 0.9757 0.1866
vn 0.7402 0.0167 -0.6722
vn 0.0423 0.0297 -0.9987
vn 0.0422 0.0297 -0.9987
vn 0.0398 0.0096 -0.9992
vn -0.9296 -0.0044 -0.3685
vn -0.9286 0.0073 -0.3710
vn -0.9286 0.0074 -0.3710
vn -0.8536 0.0031 -0.5209
vn -0.8527 0.0030 -0.5225
vn -0.8553 0.0021 -0.5182
vn -0.8563 0.0020 -0.5164
vn -0.6364 -0.0031 -0.7713
vn -0.6355 -0.0030 -0.7721
vn -0.6389 0.0209 -0.7690
vn -0.6405 0.0208 -0.7677
vn -0.3425 0.0076 -0.9395
vn -0.3420 0.0077 -0.9397
vn -0.3440 0.0281 -0.9385
vn -0.3452 0.0281 -0.9381
vn -0.0752 0.0252 -0.9969
vn -0.0753 0.0252 -0.9968
vn -0.0779 0.0124 -0.9969
vn -0.0778 0.0124 -0.9969
vn 0.0601 -0.9963 -0.0620
vn 0.0600 -0.9963 -0.0620
vn 0.0509 0.9974 -0.0516
vn 0.0509 0.9974 -0.0515
vn 0.0010 0.9997 0.0225
vn 0.0010 0.9997 0.0226
vn -0.0004 0.9998 0.0200
vn -0.0898 -0.9865 0.1372
vn -0.0898 -0.9865 0.1371
vn -0.0960 -0.9792 0.1787
vn 0.1222 -0.9841 -0.1287
vn 0.1222 -0.9841 -0.1288
vn -0.1082 0.9708 0.2142
vn 0.3709 0.0078 -0.9286
vn -0.8426 0.0068 -0.5386
vn -0.8441 0.0067 -0.5361
vn -0.9007 0.0037 -0.4344
vn -0.6428 0.0129 -0.7659
vn -0.6496 0.0127 -0.7602
vn -0.3452 0.0164 -0.9384
vn -0.3511 0.0164 -0.9362
vn 0.0668 0.0256 -0.9974
vn -0.0583 0.0203 -0.9981
vn -0.0585 0.0203 -0.9981
vn -0.2741 0.5900 -0.7594
vn -0.2732 0.5900 -0.7597
vn -0.4988 0.5624 -0.6595
vn -0.5047 0.5610 -0.6562
vn -0.7050 -0.5505 -0.4470
vn 0.0736 0.0280 -0.9969
vn -0.2344 -0.6139 -0.7538
vn -0.2406 -0.6122 -0.7532
vn 0.0001 -0.0000 -1.0000
vn -0.0910 0.0150 0.9957
vn -0.9884 -0.0180 -0.1507
vn 0.0099 -0.9999 0.0106
vn 0.0911 -0.0179 -0.9957
vn -0.0099 0.9999 -0.0105
vn 0.9884 0.0180 0.1507
vn -0.6410 0.7226 -0.2587
vn -0.6484 0.7190 -0.2502
vn -0.5698 0.7426 -0.3521
vn -0.5531 0.7452 -0.3726
vn -0.4080 0.7488 -0.5224
vn -0.4135 0.7492 -0.5175
vn -0.2138 0.7174 -0.6631
vn -0.2502 0.7257 -0.6409
vn -0.0466 0.6659 -0.7446
vn -0.0837 0.6789 -0.7295
vn -0.6602 0.7129 -0.2364
vn -0.8632 0.3974 -0.3115
vn -0.0050 0.7069 0.7073
vn -0.5010 -0.7057 0.5010
vn -0.0054 -0.7018 0.7123
vn -0.8599 -0.3901 -0.3293
vn -0.4986 0.7093 0.4983
vn -0.0051 0.0149 0.9999
vn -1.0000 -0.0080 -0.0051
vn -0.0051 0.0103 0.9999
vn 1.0000 0.0032 0.0051
vn -0.0051 0.0057 1.0000
vn -0.0006 -1.0000 0.0080
vn -0.0051 0.0126 0.9999
vn -0.0051 0.0080 1.0000
vn -0.0051 0.0034 1.0000
vn 0.0005 1.0000 -0.0080
vn -1.0000 -0.0016 -0.0051
vn 1.0000 0.0064 0.0051
vn -1.0000 -0.0048 -0.0051
vn 0.9999 0.0097 0.0051
vn -0.0000 0.8810 0.4731
vn 0.0102 0.8809 0.4731
vn 0.7441 0.6213 -0.2456
vn 0.6385 0.6727 -0.3739
vn 0.6214 0.6783 -0.3922
vn 0.7373 0.6258 -0.2545
vn 0.2848 0.7267 -0.6252
vn 0.0500 0.7230 -0.6890
vn -0.0014 0.7196 -0.6944
vn 0.2204 0.7272 -0.6501
vn 0.4960 0.7063 -0.5051
vn 0.4640 0.7101 -0.5297
vn -0.0291 0.7118 -0.7017
vn -0.0192 0.7112 -0.7027
vn -0.0000 0.7094 -0.7048
vn 0.7965 0.5803 -0.1698
vn -0.0102 0.8809 0.4731
vn -0.7441 0.6213 -0.2456
vn -0.7373 0.6258 -0.2545
vn -0.6214 0.6783 -0.3922
vn -0.6385 0.6727 -0.3739
vn -0.2848 0.7267 -0.6252
vn -0.2204 0.7272 -0.6501
vn 0.0014 0.7196 -0.6944
vn -0.0500 0.7230 -0.6890
vn -0.4640 0.7101 -0.5297
vn -0.4960 0.7063 -0.5051
vn 0.0192 0.7112 -0.7027
vn 0.0291 0.7118 -0.7017
vn -0.7965 0.5803 -0.1698
vt 0.137921 0.898923
vt 0.140604 0.900161
vt 0.140574 0.900255
vt 0.137892 0.899017
vt 0.146103 0.902990
vt 0.152000 0.909334
vt 0.152107 0.908954
vt 0.146210 0.902610
vt 0.069498 0.974536
vt 0.069525 0.974536
vt 0.069533 0.975218
vt 0.069498 0.975218
vt 0.156700 0.902481
vt 0.157692 0.909722
vt 0.157161 0.909050
vt 0.156369 0.903273
vt 0.088142 0.969055
vt 0.165453 0.903273
vt 0.165453 0.909050
vt 0.165453 0.908650
vt 0.165453 0.902873
vt 0.147261 0.903273
vt 0.156369 0.902873
vt 0.147261 0.902873
vt 0.157850 0.909722
vt 0.158198 0.909050
vt 0.165881 0.909719
vt 0.165882 0.909842
vt 0.157866 0.909842
vt 0.168728 0.903258
vt 0.169049 0.903252
vt 0.168940 0.902960
vt 0.168618 0.902966
vt 0.165960 0.909842
vt 0.165960 0.910016
vt 0.157788 0.910016
vt 0.157788 0.909842
vt 0.142185 0.896259
vt 0.141595 0.900618
vt 0.140263 0.900003
vt 0.140263 0.893389
vt 0.140978 0.893389
vt 0.141001 0.893621
vt 0.141675 0.895592
vt 0.165856 0.909508
vt 0.166015 0.909495
vt 0.165924 0.909604
vt 0.165846 0.909604
vt 0.100547 0.972444
vt 0.100470 0.972444
vt 0.100868 0.972444
vt 0.145631 0.896167
vt 0.145631 0.902481
vt 0.142684 0.896910
vt 0.143873 0.897372
vt 0.145063 0.896910
vt 0.137113 0.897499
vt 0.137082 0.897750
vt 0.137333 0.897490
vt 0.137338 0.897491
vt 0.137343 0.897491
vt 0.137348 0.897492
vt 0.137353 0.897492
vt 0.137358 0.897493
vt 0.137363 0.897493
vt 0.137368 0.897494
vt 0.099347 0.972444
vt 0.099350 0.977876
vt 0.098403 0.978086
vt 0.099042 0.976214
vt 0.099267 0.974007
vt 0.099108 0.972444
vt 0.139888 0.894426
vt 0.139888 0.898779
vt 0.140050 0.898779
vt 0.140050 0.894426
vt 0.070585 0.974350
vt 0.071660 0.974350
vt 0.072765 0.975218
vt 0.069531 0.975218
vt 0.069525 0.972879
vt 0.069498 0.972879
vt 0.069498 0.972197
vt 0.069533 0.972197
vt 0.168349 0.897248
vt 0.167714 0.897236
vt 0.167731 0.896384
vt 0.168367 0.896402
vt 0.087919 0.971932
vt 0.088183 0.975336
vt 0.079109 0.975336
vt 0.079296 0.973495
vt 0.079137 0.971932
vt 0.165881 0.902481
vt 0.165244 0.897272
vt 0.156858 0.902481
vt 0.156442 0.893568
vt 0.163277 0.895512
vt 0.163304 0.895592
vt 0.164313 0.896910
vt 0.157710 0.909842
vt 0.152472 0.909842
vt 0.152630 0.909050
vt 0.146745 0.893621
vt 0.146753 0.893541
vt 0.156283 0.893541
vt 0.146071 0.895592
vt 0.157406 0.903273
vt 0.152472 0.910016
vt 0.152630 0.908650
vt 0.157161 0.908650
vt 0.157406 0.902873
vt 0.158198 0.908650
vt 0.146103 0.903241
vt 0.145631 0.902732
vt 0.146210 0.902861
vt 0.098993 0.978326
vt 0.099144 0.978345
vt 0.099725 0.978353
vt 0.099596 0.978343
vt 0.071483 0.943958
vt 0.071316 0.945605
vt 0.071455 0.944237
vt 0.166015 0.909496
vt 0.137804 0.892196
vt 0.137804 0.890842
vt 0.138010 0.890842
vt 0.138010 0.892196
vt 0.118391 0.970699
vt 0.118419 0.970699
vt 0.118237 0.970699
vt 0.118209 0.970699
vt 0.071660 0.973065
vt 0.072765 0.972197
vt 0.166016 0.902428
vt 0.166037 0.906659
vt 0.166031 0.902376
vt 0.071529 0.947699
vt 0.071501 0.947420
vt 0.071553 0.947931
vt 0.094151 0.975703
vt 0.094656 0.977180
vt 0.094085 0.971932
vt 0.093926 0.973495
vt 0.100868 0.974489
vt 0.100868 0.976325
vt 0.100868 0.977876
vt 0.069900 0.975483
vt 0.069634 0.975482
vt 0.069664 0.975482
vt 0.144792 0.902345
vt 0.144792 0.902094
vt 0.137082 0.898536
vt 0.137921 0.899174
vt 0.144763 0.902335
vt 0.144763 0.902586
vt 0.137892 0.899268
vt 0.141566 0.900752
vt 0.137082 0.894426
vt 0.137082 0.893389
vt 0.313919 0.984332
vt 0.313919 0.988685
vt 0.311237 0.987401
vt 0.311212 0.984327
vt 0.137343 0.894421
vt 0.137341 0.894421
vt 0.137340 0.894420
vt 0.137338 0.894419
vt 0.137337 0.894419
vt 0.137336 0.894418
vt 0.137334 0.894418
vt 0.137333 0.894417
vt 0.169331 0.899361
vt 0.169215 0.899359
vt 0.169229 0.897553
vt 0.169345 0.897556
vt 0.156700 0.902396
vt 0.169332 0.897269
vt 0.169349 0.897269
vt 0.169369 0.896431
vt 0.169362 0.896431
vt 0.157710 0.909601
vt 0.157788 0.909601
vt 0.165876 0.902394
vt 0.157866 0.909601
vt 0.088183 0.975330
vt 0.079109 0.975335
vt 0.165249 0.897274
vt 0.165247 0.897273
vt 0.157692 0.909514
vt 0.157850 0.909505
vt 0.156344 0.893228
vt 0.156443 0.893558
vt 0.156858 0.902378
vt 0.165364 0.897318
vt 0.165403 0.897334
vt 0.163248 0.895428
vt 0.163272 0.895498
vt 0.163158 0.895164
vt 0.146784 0.893234
vt 0.094652 0.977169
vt 0.094651 0.977167
vt 0.096053 0.951682
vt 0.097243 0.951220
vt 0.098235 0.978305
vt 0.098185 0.978370
vt 0.097661 0.950441
vt 0.098335 0.948470
vt 0.098571 0.946144
vt 0.098403 0.944497
vt 0.093113 0.943958
vt 0.092945 0.945605
vt 0.093182 0.947931
vt 0.093713 0.949487
vt 0.093855 0.949902
vt 0.093828 0.949821
vt 0.093823 0.949808
vt 0.093799 0.949738
vt 0.093709 0.949474
vt 0.093710 0.949475
vt 0.094864 0.951220
vt 0.095949 0.951642
vt 0.095951 0.951642
vt 0.095954 0.951644
vt 0.095915 0.951628
vt 0.095800 0.951584
vt 0.095799 0.951583
vt 0.095795 0.951582
vt 0.168443 0.889648
vt 0.168610 0.891295
vt 0.168374 0.893621
vt 0.167700 0.895592
vt 0.166692 0.896910
vt 0.165502 0.897372
vt 0.162630 0.893621
vt 0.162394 0.891295
vt 0.162561 0.889648
vt 0.165463 0.889648
vt 0.074424 0.951682
vt 0.075614 0.951220
vt 0.076622 0.949902
vt 0.076182 0.950477
vt 0.077296 0.947931
vt 0.077304 0.947851
vt 0.077533 0.945605
vt 0.077335 0.947544
vt 0.077365 0.943958
vt 0.072919 0.971932
vt 0.073554 0.971932
vt 0.072821 0.971932
vt 0.073527 0.972197
vt 0.073395 0.973495
vt 0.073570 0.975218
vt 0.072226 0.949902
vt 0.073235 0.951220
vt 0.072737 0.950569
vt 0.146814 0.889648
vt 0.146981 0.891295
vt 0.140765 0.891295
vt 0.140932 0.889648
vt 0.145631 0.889648
vt 0.166031 0.907834
vt 0.166015 0.908851
vt 0.165990 0.909557
vt 0.169233 0.897266
vt 0.169253 0.896427
vt 0.169304 0.899361
vt 0.169325 0.897556
vt 0.166312 0.909163
vt 0.166428 0.908990
vt 0.166318 0.908698
vt 0.166202 0.908872
vt 0.168236 0.903271
vt 0.168126 0.902979
vt 0.100753 0.972444
vt 0.100446 0.972444
vt 0.100423 0.972444
vt 0.100136 0.972444
vt 0.099929 0.972444
vt 0.099931 0.977876
vt 0.100424 0.977876
vt 0.100753 0.977876
vt 0.100216 0.978362
vt 0.100103 0.978357
vt 0.166456 0.902427
vt 0.166439 0.905895
vt 0.166558 0.908053
vt 0.166609 0.907035
vt 0.166499 0.906743
vt 0.166448 0.907761
vt 0.167639 0.903284
vt 0.167529 0.902992
vt 0.168864 0.899148
vt 0.168877 0.897546
vt 0.165400 0.897332
vt 0.165398 0.897332
vt 0.165501 0.898184
vt 0.165534 0.898453
vt 0.072919 0.975483
vt 0.072821 0.975483
vt 0.069900 0.971932
vt 0.069664 0.971932
vt 0.069634 0.971932
vt 0.070585 0.973065
vt 0.141662 0.592796
vt 0.141662 0.594150
vt 0.140530 0.594150
vt 0.140530 0.592796
vt 0.138936 0.890842
vt 0.138936 0.892196
vt 0.139142 0.892196
vt 0.139142 0.890842
vt 0.069529 0.972197
vt 0.069529 0.975218
vt 0.118237 0.972445
vt 0.118209 0.972445
vt 0.118419 0.972445
vt 0.118391 0.972445
vt 0.047187 0.950535
vt 0.047187 0.951237
vt 0.047049 0.951237
vt 0.047049 0.950535
vt 0.047430 0.951237
vt 0.047430 0.950535
vt 0.049082 0.950535
vt 0.049082 0.951237
vt 0.048951 0.951237
vt 0.048951 0.950535
vt 0.048701 0.950535
vt 0.048701 0.951237
vt 0.056464 0.950535
vt 0.056464 0.951237
vt 0.056327 0.951237
vt 0.056327 0.950535
vt 0.056708 0.951237
vt 0.056708 0.950535
vt 0.058359 0.950535
vt 0.058359 0.951237
vt 0.058228 0.951237
vt 0.058228 0.950535
vt 0.057978 0.950535
vt 0.057978 0.951237
vt 0.082131 0.971494
vt 0.082131 0.972264
vt 0.082298 0.972264
vt 0.082298 0.971494
vt 0.082081 0.972599
vt 0.082348 0.972599
vt 0.082348 0.971159
vt 0.082436 0.972874
vt 0.082436 0.970883
vt 0.082081 0.971159
vt 0.082137 0.972874
vt 0.082458 0.972874
vt 0.082977 0.972874
vt 0.082137 0.970883
vt 0.082977 0.970883
vt 0.082458 0.970883
vt 0.083108 0.971481
vt 0.083108 0.972276
vt 0.082536 0.972276
vt 0.082536 0.971481
vt 0.083071 0.972249
vt 0.083071 0.971508
vt 0.082941 0.971508
vt 0.082941 0.972249
vt 0.083027 0.970929
vt 0.082488 0.970929
vt 0.083070 0.971058
vt 0.082513 0.971058
vt 0.083098 0.971252
vt 0.082530 0.971252
vt 0.082488 0.972829
vt 0.083027 0.972829
vt 0.082513 0.972699
vt 0.083070 0.972699
vt 0.082530 0.972505
vt 0.083098 0.972505
vt 0.082473 0.972658
vt 0.082473 0.971099
vt 0.082974 0.971099
vt 0.083016 0.971137
vt 0.083046 0.971231
vt 0.083065 0.971354
vt 0.083016 0.972620
vt 0.082974 0.972658
vt 0.083046 0.972527
vt 0.083065 0.972403
vt 0.241729 0.989256
vt 0.241729 0.990815
vt 0.242230 0.990815
vt 0.242271 0.990777
vt 0.242302 0.990684
vt 0.242320 0.990560
vt 0.242327 0.990406
vt 0.242327 0.989665
vt 0.242320 0.989511
vt 0.242302 0.989387
vt 0.242271 0.989294
vt 0.242230 0.989256
vt 0.082916 0.972527
vt 0.082885 0.972620
vt 0.082916 0.971231
vt 0.082934 0.971354
vt 0.082343 0.971099
vt 0.082844 0.971099
vt 0.082343 0.972658
vt 0.082934 0.972403
vt 0.082844 0.972658
vt 0.082885 0.971137
vt 0.190456 0.965170
vt 0.190456 0.963235
vt 0.190638 0.963235
vt 0.190638 0.965170
vt 0.100542 0.978368
vt 0.100437 0.978367
vt 0.100654 0.978370
vt 0.100548 0.978370
vt 0.100470 0.978370
vt 0.100540 0.978370
vt 0.100652 0.978370
vt 0.168288 0.897245
vt 0.168791 0.897253
vt 0.168787 0.897540
vt 0.168284 0.897532
vt 0.166168 0.909446
vt 0.166248 0.909520
vt 0.166391 0.909236
vt 0.166281 0.908944
vt 0.166417 0.907107
vt 0.166380 0.908164
vt 0.166297 0.909208
vt 0.166339 0.908900
vt 0.169118 0.903251
vt 0.169079 0.903255
vt 0.168969 0.902964
vt 0.169008 0.902959
vt 0.167675 0.902965
vt 0.168307 0.902966
vt 0.168837 0.902969
vt 0.169187 0.902971
vt 0.169156 0.903250
vt 0.169302 0.902972
vt 0.169263 0.902972
vt 0.166064 0.903291
vt 0.165866 0.902966
vt 0.169222 0.902972
vt 0.166493 0.908739
vt 0.166638 0.905849
vt 0.166655 0.902752
vt 0.166383 0.908447
vt 0.169046 0.902958
vt 0.166528 0.905557
vt 0.165954 0.902999
vt 0.166545 0.902460
vt 0.168882 0.897259
vt 0.168901 0.896417
vt 0.168332 0.898871
vt 0.168344 0.897535
vt 0.167698 0.898547
vt 0.167711 0.897524
vt 0.168305 0.896697
vt 0.167523 0.895823
vt 0.168322 0.895845
vt 0.169268 0.897269
vt 0.169288 0.896431
vt 0.165425 0.902966
vt 0.164943 0.898992
vt 0.167686 0.901635
vt 0.168271 0.896697
vt 0.165479 0.898186
vt 0.169118 0.897546
vt 0.167679 0.897524
vt 0.165512 0.898455
vt 0.167681 0.897236
vt 0.168301 0.896985
vt 0.168269 0.896986
vt 0.169123 0.897259
vt 0.169284 0.901166
vt 0.169263 0.897556
vt 0.169232 0.897261
vt 0.169214 0.897260
vt 0.169208 0.897547
vt 0.169227 0.897548
vt 0.169150 0.897260
vt 0.169146 0.897547
vt 0.168319 0.901363
vt 0.073536 0.591051
vt 0.073514 0.591051
vt 0.073570 0.591053
vt 0.073593 0.591053
vt 0.168851 0.901190
vt 0.072517 0.592800
vt 0.071954 0.593041
vt 0.071975 0.593042
vt 0.072546 0.592801
vt 0.169201 0.901165
vt 0.072526 0.590558
vt 0.073063 0.590836
vt 0.073106 0.590837
vt 0.072555 0.590559
vt 0.169316 0.901166
vt 0.073496 0.592602
vt 0.073524 0.592602
vt 0.073581 0.592604
vt 0.073552 0.592604
vt 0.071965 0.590271
vt 0.071986 0.590271
vt 0.253069 0.560015
vt 0.253101 0.560015
vt 0.253000 0.560012
vt 0.252968 0.560011
vt 0.252104 0.557844
vt 0.251543 0.557557
vt 0.251506 0.557558
vt 0.252052 0.557844
vt 0.252986 0.559886
vt 0.253102 0.559888
vt 0.253002 0.559885
vt 0.252891 0.559885
vt 0.252649 0.557997
vt 0.252999 0.558208
vt 0.252905 0.558202
vt 0.252571 0.557993
vt 0.251532 0.560327
vt 0.252095 0.560086
vt 0.252042 0.560085
vt 0.251495 0.560326
vt 0.073435 0.591047
vt 0.073413 0.591047
vt 0.252986 0.560014
vt 0.252636 0.560039
vt 0.252558 0.560039
vt 0.252891 0.560012
vt 0.253089 0.558209
vt 0.252989 0.558206
vt 0.073395 0.592598
vt 0.073424 0.592599
vt 0.252117 0.557720
vt 0.252064 0.557720
vt 0.263052 0.579589
vt 0.263071 0.578038
vt 0.263068 0.577911
vt 0.263047 0.579717
vt 0.261585 0.577263
vt 0.261574 0.580031
vt 0.261513 0.580187
vt 0.261525 0.577102
vt 0.262122 0.579791
vt 0.262131 0.579916
vt 0.262132 0.577549
vt 0.262144 0.577425
vt 0.262634 0.579618
vt 0.262637 0.579745
vt 0.262643 0.577824
vt 0.262651 0.577698
vt 0.262971 0.579590
vt 0.262970 0.579718
vt 0.262981 0.578035
vt 0.262984 0.577908
vt 0.263081 0.579590
vt 0.263080 0.579718
vt 0.263093 0.578038
vt 0.263094 0.577911
vt 0.253114 0.558337
vt 0.252996 0.558335
vt 0.252901 0.558329
vt 0.253014 0.558332
vt 0.252633 0.559912
vt 0.252555 0.559912
vt 0.253115 0.558210
vt 0.253015 0.558205
vt 0.252104 0.560212
vt 0.251471 0.560483
vt 0.251434 0.560482
vt 0.252051 0.560211
vt 0.252641 0.558122
vt 0.252564 0.558118
vt 0.251483 0.557395
vt 0.251446 0.557396
vt 0.110343 0.924100
vt 0.109773 0.924340
vt 0.109783 0.921570
vt 0.110352 0.921858
vt 0.110896 0.923926
vt 0.110903 0.922136
vt 0.073461 0.592602
vt 0.073098 0.592627
vt 0.073471 0.591050
vt 0.073408 0.592601
vt 0.073055 0.592626
vt 0.073418 0.591049
vt 0.159904 0.900268
vt 0.146041 0.890682
vt 0.097484 0.950672
vt 0.096652 0.951758
vt 0.097431 0.950741
vt 0.073597 0.975483
vt 0.245863 0.571980
vt 0.245858 0.571980
vt 0.245840 0.568907
vt 0.245841 0.568907
vt 0.245853 0.571979
vt 0.245848 0.571979
vt 0.245837 0.568906
vt 0.245838 0.568906
vt 0.245843 0.571978
vt 0.245838 0.571977
vt 0.245834 0.568905
vt 0.245836 0.568905
vt 0.122199 0.970169
vt 0.165908 0.907282
vt 0.165938 0.906096
vt 0.165728 0.909237
vt 0.165793 0.908986
vt 0.165857 0.908300
vt 0.165612 0.909410
vt 0.165690 0.909483
vt 0.168119 0.902454
s 1
usemtl Material.001
f 31/1/1 32/2/1 87/3/1 88/4/1
f 2/5/2 7/6/2 68/7/2 67/8/2
f 72/9/3 199/10/4 488/11/5 486/12/3
f 105/13/6 107/14/6 48/15/6 47/16/6
f 10/17/7 21/17/7 18/17/7 125/17/7 124/17/7 126/17/7
f 42/18/8 44/19/8 53/20/8 50/21/8
f 46/22/9 47/16/9 54/23/9 55/24/9
f 108/25/6 45/26/6 44/19/6 103/27/6 104/28/6 109/29/6
f 127/17/7 17/17/7 21/17/7 10/17/7 129/17/7 128/17/7
f 322/30/10 323/31/11 350/32/12 359/33/13
f 109/29/14 104/28/14 187/34/14 193/34/14 192/35/15 20/36/16 110/37/17
f 134/38/18 83/39/18 92/40/18 91/41/18 135/42/18 136/43/18 137/44/18
f 138/17/7 28/17/7 29/17/7 13/17/7 17/17/7 127/17/7 139/17/7
f 22/45/19 188/46/20 11/47/21 23/48/21
f 175/49/7 15/50/7 454/51/7 455/51/7
f 143/52/18 79/53/18 83/39/18 134/38/18 144/54/18 141/55/18 142/56/18
f 81/57/22 95/58/23 96/59/23 500/60/24 501/61/25 502/62/24 503/63/26 504/64/24 505/65/25 98/66/22
f 181/67/27 467/68/28 464/69/29 156/69/29 155/70/29 157/71/29 158/72/29
f 35/73/30 80/74/30 101/75/30 100/76/30
f 74/77/31 75/78/32 483/79/33 488/80/34
f 198/81/35 73/82/36 491/83/36 492/84/37
f 381/85/38 375/86/39 178/87/40 195/88/41
f 10/89/42 113/90/43 145/91/18 146/92/18 129/93/18
f 102/94/6 103/27/6 44/19/6 42/18/6
f 148/95/18 102/94/18 106/96/18 114/97/18 149/98/18 150/99/18 147/100/18
f 79/53/6 105/13/6 47/16/6 46/22/6
f 111/101/6 62/102/6 49/103/6 48/15/6 107/14/6
f 151/104/18 152/105/18 112/106/18 105/13/18 79/53/18 143/52/18 153/107/18
f 108/25/6 106/96/6 40/108/6 45/26/6
f 110/37/17 20/36/16 61/109/44 62/102/45 111/101/45
f 62/102/6 79/53/6 46/22/6 49/103/6
f 48/15/46 49/103/46 56/110/46 57/111/46
f 40/108/9 42/18/9 50/21/9 51/112/9
f 49/103/47 46/22/47 55/24/47 56/110/47
f 44/19/46 45/26/46 52/113/46 53/20/46
f 45/26/48 40/108/48 51/112/48 52/113/48
f 47/16/49 48/15/49 57/111/49 54/23/49
f 2/5/50 16/114/51 78/115/52 79/53/53
f 19/6/54 7/6/55 62/102/56 61/109/54
f 7/6/55 2/5/50 79/53/53 62/102/56
f 16/114/57 2/5/58 67/8/58 64/116/57
f 7/6/59 19/6/59 65/7/59 68/7/59
f 106/96/6 102/94/6 42/18/6 40/108/6
f 178/117/60 466/118/61 469/119/62 195/120/63
f 138/121/64 139/121/64 60/122/65 154/122/65 480/123/64 481/121/64
f 188/124/66 187/34/66 11/47/66
f 74/125/67 76/126/67 202/127/67 203/128/67
f 73/129/7 198/130/7 207/131/7 205/132/7
f 75/78/32 77/133/68 485/134/68 483/79/33
f 317/135/69 186/136/70 188/46/71 121/137/72
f 478/138/73 479/139/73 154/122/65 60/122/65 63/140/74 136/140/74 135/138/73
f 161/141/75 160/142/75 113/90/43 10/89/42 126/143/75 159/144/75
f 180/145/76 185/146/77 474/147/78 455/51/79
f 90/148/80 26/148/80 487/149/80 489/150/80
f 58/151/81 59/152/82 79/53/53 78/115/52
f 32/2/83 31/1/84 93/153/84 92/40/83
f 31/1/84 82/154/85 14/153/85 93/153/84
f 39/39/83 32/2/83 92/40/83 83/39/83
f 59/152/82 39/39/83 83/39/83 79/53/53
f 86/155/86 85/156/87 84/157/87 88/4/86 87/3/86 89/158/86
f 39/39/18 59/152/18 86/155/18 89/158/18
f 82/154/88 31/1/89 88/4/89 84/157/88
f 59/152/90 58/151/91 85/156/91 86/155/90
f 32/2/18 39/39/18 89/158/18 87/3/18
f 35/73/68 34/159/68 90/160/68 91/41/68
f 80/74/68 35/73/68 91/41/68 92/40/68
f 81/57/68 80/74/68 92/40/68 93/153/68
f 34/159/8 94/159/8 26/160/8 90/160/8
f 95/58/92 81/57/93 93/153/93 14/153/92
f 100/161/94 101/162/94 98/163/94 99/164/94
f 80/74/95 81/57/95 98/66/95 101/75/95
f 34/159/96 35/73/96 100/76/96 99/165/96
f 94/159/97 34/159/98 99/165/98 499/166/99 498/167/99 497/168/99 496/169/99 495/170/99 494/171/99 97/172/97
f 417/173/100 415/174/101 379/175/102 376/176/103
f 105/13/104 112/106/105 118/106/105 122/177/106
f 372/178/107 377/179/108 179/180/109 194/181/107
f 110/37/110 111/101/110 8/182/110 116/183/110
f 103/27/111 102/94/112 120/184/113 22/45/114
f 104/28/115 103/27/111 22/45/114 23/48/115
f 109/29/116 110/37/116 116/183/116 115/185/116
f 113/90/117 119/186/118 166/187/119 165/187/119 145/91/119
f 168/188/120 120/184/113 102/94/112 148/95/120 167/189/120
f 8/182/121 5/190/122 4/191/123 115/185/121 116/183/121
f 118/106/124 119/192/125 117/193/126
f 22/45/19 120/184/127 121/137/127 188/46/20
f 123/194/128 4/191/123 5/190/122 122/177/128
f 120/184/129 168/188/129 169/195/129 164/196/129 121/137/129
f 122/177/130 118/106/124 117/193/126 123/194/130
f 171/197/131 170/198/131 117/193/126 119/192/125 172/199/131
f 118/106/124 173/105/132 166/200/132 119/192/125
f 114/97/133 106/96/134 123/194/135 117/193/133
f 187/34/136 104/28/136 23/48/136 11/47/136
f 149/98/137 114/97/137 117/193/137 170/198/137
f 111/101/138 107/14/139 5/190/140 8/182/138
f 106/96/134 108/25/141 4/191/142 123/194/135
f 119/186/118 113/90/117 160/142/143 174/201/143 172/202/143
f 107/14/139 105/13/104 122/177/106 5/190/140
f 118/106/7 112/106/7 152/105/7 173/105/7
f 108/25/141 109/29/144 115/185/144 4/191/142
f 131/203/145 1/203/7 3/204/146 133/204/147
f 466/118/61 178/117/60 132/205/148 162/206/148 465/206/148
f 156/207/149 6/207/150 9/208/151 155/208/152
f 155/208/152 9/208/151 12/209/8 157/209/8
f 158/210/153 157/209/8 12/209/8 140/210/153
f 124/211/64 24/212/65 159/212/154 126/211/64
f 159/212/154 24/212/65 27/213/74 161/213/155
f 160/214/156 161/213/155 27/213/74 30/215/157 150/215/157 149/216/156 170/217/156 171/218/156 172/219/156 174/220/156
f 150/215/157 30/215/157 33/221/158 147/221/158
f 147/221/158 33/221/158 1/203/7 131/203/145 130/222/159 163/223/159 164/224/159 169/225/159 168/226/159 167/227/159 148/228/159
f 140/229/18 12/230/18 9/231/18 6/232/18 3/233/18 1/234/18 33/100/18 30/99/18 27/235/18 24/236/18 124/237/18 125/238/18
f 141/239/7 36/239/7 37/240/146 142/240/146
f 37/240/146 38/241/150 153/241/150 143/242/160 142/240/146
f 153/241/150 38/241/150 41/243/151 151/243/151
f 152/244/161 151/243/151 41/243/151 43/245/8 146/245/8 145/246/161 165/246/161 166/246/161 173/244/161
f 146/245/8 43/245/8 128/247/153 129/247/153
f 28/248/7 138/249/7 481/249/7 484/250/7
f 483/79/162 485/134/163 480/251/164 154/252/165 479/253/166
f 136/140/74 63/140/74 66/254/157 137/254/157
f 66/254/157 69/255/158 144/255/158 134/256/167 137/254/157
f 69/255/158 36/239/7 141/239/7 144/255/158
f 128/257/18 43/258/18 41/104/18 38/107/18 37/56/18 36/55/18 69/54/18 66/44/18 63/43/18 60/259/18 139/260/18 127/261/18
f 186/136/70 189/262/168 188/124/71
f 189/262/168 190/263/169 188/124/71
f 190/263/169 191/264/170 188/124/71
f 191/264/170 187/34/171 188/124/71
f 377/179/108 378/265/172 197/266/173 179/180/109
f 407/267/174 417/173/100 376/176/103 373/268/175
f 325/269/176 326/270/177 354/271/178 352/272/176
f 321/273/179 322/30/10 359/33/13 355/274/180
f 175/49/7 455/51/7 182/275/7 176/276/7
f 176/276/7 182/275/7 183/277/7 177/278/7
f 177/278/7 183/277/7 184/279/7
f 125/17/7 18/17/7 15/17/7 175/17/7 176/17/7 177/17/7 184/279/7 181/67/7 158/72/7 140/17/7
f 184/279/181 468/280/182 467/68/28 181/67/27
f 468/280/182 184/279/181 183/277/183 470/281/184
f 182/275/185 472/282/186 470/281/184 183/277/183
f 455/51/79 474/147/78 472/282/186 182/275/185
f 195/120/63 469/119/62 471/283/187 196/284/188
f 317/135/189 338/285/190 346/286/191 186/136/192
f 329/287/193 327/288/194 356/289/195 360/290/196
f 319/291/197 321/273/179 355/274/180 357/292/198
f 415/174/101 413/293/199 383/294/200 379/175/102
f 317/135/69 121/137/72 164/196/201 163/295/201 130/296/201 384/297/201 385/298/201
f 91/299/80 90/148/80 489/150/80 482/300/80
f 29/301/7 28/248/7 484/250/7 493/302/7
f 13/301/7 29/301/7 493/302/7 490/303/7
f 77/133/68 76/304/202 492/84/203 485/134/68
f 201/305/68 200/306/68 203/307/68 202/308/68
f 77/309/204 75/310/204 200/311/204 201/312/204
f 75/310/7 74/125/7 203/128/7 200/311/7
f 76/126/80 77/309/80 201/312/80 202/127/80
f 199/10/4 198/81/35 492/313/37 488/314/5
f 76/304/202 74/77/31 488/80/34 492/84/203
f 207/131/205 206/315/205 204/316/8 205/132/8
f 198/130/206 199/317/206 206/315/206 207/131/206
f 199/317/80 72/318/80 204/316/80 206/315/80
f 208/319/207 209/320/207 211/321/208 210/322/208
f 218/323/65 217/324/65 226/324/65 231/323/65
f 214/325/209 215/326/209 213/327/210 212/328/210
f 220/324/211 223/323/211 209/320/207 208/319/207
f 216/329/7 214/325/7 212/328/7 221/329/7
f 218/323/80 211/321/80 209/320/80 223/323/80
f 215/326/80 219/330/80 222/330/80 213/327/80
f 219/330/80 218/323/80 223/323/80 222/330/80
f 210/322/7 217/324/7 220/324/7 208/319/7
f 217/324/7 216/329/7 221/329/7 220/324/7
f 212/328/210 213/327/210 222/330/212 221/329/212
f 221/329/212 222/330/212 223/323/18 220/324/18
f 215/326/65 214/325/65 229/325/65 228/326/65
f 217/324/213 218/323/213 219/330/213 216/329/213
f 230/329/213 227/330/213 228/326/213 229/325/213
f 225/322/213 224/321/213 231/323/213 226/324/213
f 217/324/7 210/322/7 225/322/7 226/324/7
f 216/329/8 219/330/8 227/330/8 230/329/8
f 219/330/80 215/326/80 228/326/80 227/330/80
f 211/321/80 218/323/80 231/323/80 224/321/80
f 210/322/8 211/321/8 224/321/8 225/322/8
f 214/325/7 216/329/7 230/329/7 229/325/7
f 232/331/207 233/332/207 235/333/208 234/334/208
f 242/335/65 241/336/65 250/336/65 255/335/65
f 238/337/209 239/338/209 237/339/210 236/340/210
f 244/336/211 247/335/211 233/332/207 232/331/207
f 240/341/7 238/337/7 236/340/7 245/341/7
f 242/335/80 235/333/80 233/332/80 247/335/80
f 239/338/80 243/342/80 246/342/80 237/339/80
f 243/342/80 242/335/80 247/335/80 246/342/80
f 234/334/7 241/336/7 244/336/7 232/331/7
f 241/336/7 240/341/7 245/341/7 244/336/7
f 236/340/210 237/339/210 246/342/212 245/341/212
f 245/341/212 246/342/212 247/335/18 244/336/18
f 239/338/65 238/337/65 253/337/65 252/338/65
f 241/336/213 242/335/213 243/342/213 240/341/213
f 254/341/213 251/342/213 252/338/213 253/337/213
f 249/334/213 248/333/213 255/335/213 250/336/213
f 241/336/7 234/334/7 249/334/7 250/336/7
f 240/341/8 243/342/8 251/342/8 254/341/8
f 243/342/80 239/338/80 252/338/80 251/342/80
f 235/333/80 242/335/80 255/335/80 248/333/80
f 234/334/8 235/333/8 248/333/8 249/334/8
f 238/337/7 240/341/7 254/341/7 253/337/7
f 256/343/214 257/344/215 259/344/8 258/343/8
f 258/343/216 259/344/216 263/345/216 262/346/216
f 262/346/65 263/345/65 261/345/217 260/346/218
f 261/345/219 257/344/219 265/347/220 266/348/221
f 258/343/222 262/346/222 260/346/222 256/343/222
f 263/345/223 259/344/223 257/344/223 261/345/223
f 267/349/224 266/348/224 292/350/225 293/351/225
f 260/346/218 261/345/217 266/348/224 267/349/224
f 257/344/215 256/343/214 264/352/226 265/347/226
f 256/343/227 260/346/227 267/349/228 264/352/229
f 292/350/80 269/353/80 278/354/230 300/355/231
f 264/352/229 267/349/228 293/351/232 268/356/232
f 265/347/233 264/352/233 268/356/234 269/353/234
f 266/348/221 265/347/220 269/353/235 292/350/235
f 268/356/7 293/351/7 294/357/236 272/358/237
f 298/359/238 303/360/239 277/361/240 273/362/241
f 283/363/242 287/364/243 310/365/243 315/366/242
f 272/358/237 294/357/236 295/367/244 274/368/245
f 274/368/245 295/367/244 296/369/246 275/370/247
f 275/370/247 296/369/246 297/371/248 276/372/249
f 276/372/249 297/371/248 298/359/238 273/362/241
f 300/355/231 278/354/230 281/373/250 299/374/251
f 299/374/251 281/373/250 280/375/252 301/376/253
f 301/376/253 280/375/252 279/377/254 302/378/255
f 302/378/255 279/377/254 277/361/240 303/360/239
f 269/353/234 268/356/234 272/358/256 274/368/256 275/370/256 276/372/256 273/362/256 277/361/256 279/377/256 280/375/256 281/373/256 278/354/256
f 270/379/257 271/380/257 293/351/225 292/350/225
f 288/381/257 291/382/257 295/367/257 294/357/257
f 291/382/257 290/383/257 296/369/257 295/367/257
f 290/383/257 289/384/257 297/371/257 296/369/257
f 289/384/257 287/364/258 298/359/258 297/371/257
f 284/385/257 282/386/257 300/355/257 299/374/257
f 285/387/257 284/385/257 299/374/257 301/376/257
f 286/388/257 285/387/257 301/376/257 302/378/257
f 283/363/258 286/388/257 302/378/257 303/360/259
f 287/364/258 283/363/258 303/360/259 298/359/258
f 271/380/257 288/381/257 294/357/257 293/351/225
f 282/386/257 270/379/257 292/350/225 300/355/257
f 305/389/257 304/390/257 312/391/257 311/392/257 313/393/257 314/394/257 315/395/257 310/396/257 309/397/257 308/398/257 307/399/257 306/400/257
f 284/385/260 285/387/261 313/401/262 311/402/260
f 289/384/263 290/383/264 308/403/265 309/404/263
f 288/381/266 271/380/80 305/405/80 306/406/267
f 271/380/268 270/379/268 304/407/268 305/405/268
f 285/387/261 286/388/269 314/408/269 313/401/262
f 287/364/243 289/384/263 309/404/263 310/365/243
f 270/379/7 282/386/270 312/409/270 304/407/7
f 291/382/271 288/381/266 306/406/267 307/410/271
f 286/388/269 283/363/242 315/366/242 314/408/269
f 282/386/270 284/385/260 311/402/260 312/409/270
f 290/383/264 291/382/271 307/410/271 308/403/265
f 500/60/272 96/59/273 97/172/273 494/171/272
f 185/411/274 180/412/274 458/413/274 459/414/274
f 196/284/188 471/283/187 473/415/275 197/416/276
f 197/416/276 473/415/275 475/417/277 179/418/278
f 25/419/80 194/420/80 179/418/278 475/417/277 476/421/80
f 389/422/279 390/423/280 391/424/281 388/425/282
f 193/34/283 341/426/284 324/427/285 192/35/286
f 340/428/287 325/269/288 352/272/288 347/429/287
f 343/430/289 342/431/290 190/263/291 189/262/292
f 344/432/293 341/426/284 193/34/283 187/34/294
f 342/431/290 330/433/295 191/264/296 190/263/291
f 330/433/295 344/432/293 187/34/297 191/264/296
f 346/286/191 343/430/289 189/262/292 186/136/192
f 320/434/298 316/435/299 348/436/299 351/437/300
f 321/273/301 319/291/302 332/438/303 333/439/304
f 322/30/305 321/273/301 333/439/304 334/440/306
f 323/31/307 322/30/305 334/440/306 335/441/308
f 318/442/309 323/31/307 335/441/308 336/443/310
f 320/434/311 318/442/309 336/443/310 337/444/311
f 319/291/302 331/445/312 338/446/190 332/438/303
f 316/435/313 320/434/311 337/444/311 339/447/313
f 325/269/314 340/428/315 324/427/285 341/426/284
f 327/288/316 329/287/317 342/431/290 343/430/289
f 326/270/318 325/269/314 341/426/284 344/432/293
f 329/287/317 345/448/319 330/433/295 342/431/290
f 345/448/319 326/270/318 344/432/293 330/433/295
f 328/449/320 327/288/316 343/430/289 346/286/191
f 331/450/312 328/449/320 346/286/191 338/285/190
f 345/448/321 329/287/193 360/290/196 349/451/322
f 323/31/11 318/442/323 353/452/324 350/32/12
f 326/270/177 345/448/321 349/451/322 354/271/178
f 318/442/323 320/434/298 351/437/300 353/452/324
f 327/288/194 328/449/325 358/453/326 356/289/195
f 331/445/327 319/291/197 357/292/198 361/454/327
f 328/449/325 331/450/328 361/455/328 358/453/326
f 382/456/329 381/85/38 195/88/41 196/457/330
f 413/293/199 411/458/331 380/459/332 383/294/200
f 411/458/331 409/460/333 374/461/334 380/459/332
f 375/462/39 384/297/335 130/296/335 131/234/335 133/233/335 132/463/335 178/464/40
f 371/465/336 372/178/107 194/181/107 25/466/336
f 378/265/172 382/456/329 196/457/330 197/266/173
f 332/438/337 338/446/338 317/467/338 385/468/338 374/461/334 409/460/333 408/469/339
f 384/297/340 375/462/341 364/470/342 392/471/340
f 379/175/343 383/294/344 391/424/344 387/472/343
f 380/459/345 374/461/346 365/473/347 388/425/348
f 385/298/349 384/297/349 392/471/349 393/474/349
f 375/86/341 381/85/350 389/422/350 364/475/342
f 374/476/346 385/298/351 393/474/351 365/477/347
f 382/456/352 378/265/353 386/478/353 390/423/352
f 339/447/354 337/444/355 406/479/356 407/267/174 373/268/175 370/480/354
f 390/423/280 386/478/357 387/472/358 391/424/281
f 362/481/359 367/482/360 366/483/360 363/484/361
f 364/475/362 389/422/279 388/425/282 365/473/363
f 367/482/360 368/485/364 369/486/364 366/483/360
f 386/478/357 362/481/359 363/484/361 387/472/358
f 365/477/363 393/474/365 392/471/365 364/470/362
f 372/178/366 371/465/367 368/485/367 367/482/366
f 377/179/368 372/178/366 367/482/366 362/481/368
f 381/85/350 382/456/352 390/423/352 389/422/350
f 370/480/369 373/268/370 366/483/370 369/486/369
f 378/265/353 377/179/368 362/481/368 386/478/353
f 373/268/370 376/176/371 363/484/371 366/483/370
f 383/294/344 380/459/345 388/425/348 391/424/344
f 376/176/371 379/175/343 387/472/343 363/484/371
f 333/439/372 332/438/337 408/469/339 410/487/373
f 397/488/374 395/489/375 451/490/376 443/491/377
f 334/440/378 333/439/372 410/487/373 412/492/379
f 399/493/380 400/494/381 452/495/381 445/496/382
f 335/441/383 334/440/378 412/492/379 414/497/384
f 398/498/385 405/499/386 449/500/387 444/501/388
f 337/444/355 336/443/389 416/502/390 406/479/356
f 394/503/391 396/504/392 442/505/393 450/506/391
f 336/443/389 335/441/383 414/497/384 416/502/390
f 400/494/394 401/507/394 453/508/394 452/495/394
f 406/509/395 416/510/396 428/511/397 418/512/395
f 398/513/398 401/514/399 433/515/399 435/516/400
f 402/517/401 396/518/402 440/519/403 438/520/401
f 413/521/404 415/522/405 427/523/406 425/524/407
f 400/525/408 399/526/409 434/527/410 432/528/408
f 395/489/375 397/488/374 441/529/411 431/530/412
f 414/531/413 412/532/414 424/533/415 426/534/413
f 407/535/416 406/509/416 418/512/416 419/536/416
f 401/514/417 400/525/417 432/528/417 433/515/417
f 396/504/402 394/503/418 430/537/418 440/538/403
f 411/539/419 413/521/404 425/524/407 423/540/420
f 394/503/421 395/489/421 431/530/421 430/537/421
f 430/541/422 431/542/423 419/543/423 418/544/422
f 433/545/424 432/546/425 420/547/426 421/548/424
f 432/546/425 434/549/427 422/550/428 420/547/426
f 435/551/429 433/545/424 421/548/424 423/552/430
f 434/549/427 436/553/431 424/554/432 422/550/428
f 437/555/433 435/551/429 423/552/430 425/556/434
f 436/553/431 438/557/435 426/558/436 424/554/432
f 439/559/437 437/555/433 425/556/434 427/560/438
f 440/561/439 430/541/422 418/544/422 428/562/440
f 431/542/423 441/563/441 429/564/442 419/543/423
f 438/557/435 440/561/439 428/562/440 426/558/436
f 441/563/441 439/559/437 427/560/438 429/564/442
f 397/565/374 403/566/443 439/567/444 441/568/411
f 399/526/409 404/569/445 436/570/446 434/527/410
f 417/571/447 407/535/448 419/536/448 429/572/449
f 410/573/450 408/574/451 420/575/451 422/576/452
f 405/577/453 398/513/398 435/516/400 437/578/454
f 416/510/396 414/531/413 426/534/413 428/511/397
f 409/579/455 411/539/419 423/540/420 421/580/455
f 404/569/445 402/517/401 438/520/401 436/570/446
f 415/522/405 417/571/447 429/572/449 427/523/406
f 412/532/414 410/573/450 422/576/452 424/533/415
f 403/566/443 405/577/453 437/578/454 439/567/444
f 408/574/456 409/579/456 421/580/456 420/575/456
f 445/581/457 452/582/458 453/583/458 444/584/459
f 448/585/460 445/581/457 444/584/459 449/586/461
f 446/587/462 448/588/460 449/500/461 447/589/463
f 450/506/464 442/505/465 443/491/466 451/490/464
f 442/505/465 446/587/462 447/589/463 443/491/466
f 402/590/467 404/591/468 448/588/469 446/587/470
f 401/507/471 398/498/385 444/501/388 453/508/471
f 396/504/392 402/590/467 446/587/470 442/505/393
f 395/489/472 394/503/472 450/506/464 451/490/464
f 405/499/386 403/592/473 447/589/474 449/500/387
f 404/591/468 399/493/380 445/496/382 448/588/469
f 403/592/473 397/488/374 443/491/377 447/589/474
f 71/145/475 180/145/76 455/51/79 454/51/475
f 185/146/77 70/146/476 477/147/476 474/147/78
f 459/414/477 458/413/477 456/413/65 457/414/65
f 180/412/7 71/412/7 456/413/7 458/413/7
f 70/411/80 185/411/80 459/414/80 457/414/80
f 99/593/478 98/593/478 463/593/478 461/593/478
f 460/593/479 461/593/479 463/593/479 462/593/479
f 98/66/480 81/57/480 462/57/480 463/66/480
f 81/594/481 34/594/481 460/594/481 462/594/481
f 34/159/482 99/165/482 461/165/482 460/159/482
f 99/165/483 34/159/483 81/594/483 98/66/483
f 467/68/484 468/280/485 469/119/486 466/118/487
f 468/280/485 470/281/488 471/283/489 469/119/486
f 470/281/488 472/282/490 473/415/491 471/283/489
f 472/282/490 474/147/492 475/417/493 473/415/491
f 464/69/494 467/68/484 466/118/487 465/206/494
f 474/147/492 477/147/495 476/421/495 475/417/493
f 132/595/160 133/596/147 3/596/146 6/207/150 156/207/149 464/207/160 465/597/160 162/597/160
f 483/79/162 479/253/166 478/598/496 482/300/496
f 486/12/497 488/11/498 489/150/498 487/149/497
f 493/302/499 484/250/499 485/134/499 492/84/499
f 490/303/500 493/302/501 492/84/501 491/83/500
f 484/250/502 481/249/502 480/251/164 485/134/163
f 488/80/503 483/79/503 482/300/503 489/150/503
f 135/598/80 91/299/80 482/300/80 478/598/80
f 98/66/504 505/65/504 499/166/504 99/165/504
f 504/64/505 498/167/505 510/167/505 516/64/505
f 504/64/506 503/63/506 497/168/506 498/167/506
f 495/170/507 501/61/507 513/61/507 507/170/507
f 502/62/508 501/61/508 495/170/508 496/169/508
f 503/63/26 502/62/24 514/62/509 515/63/509
f 517/599/510 516/600/510 510/601/510 511/602/510
f 515/603/511 514/604/511 508/605/511 509/606/511
f 513/607/512 512/608/512 506/609/512 507/610/512
f 496/169/99 497/168/99 509/168/513 508/169/513
f 500/60/514 494/171/514 506/171/514 512/60/514
f 501/61/25 500/60/24 512/60/509 513/61/509
f 497/168/515 503/63/515 515/63/515 509/168/515
f 505/65/25 504/64/24 516/64/509 517/65/509
f 494/171/99 495/170/99 507/170/513 506/171/513
f 502/62/516 496/169/516 508/169/516 514/62/516
f 498/167/99 499/166/99 511/166/513 510/167/513
f 499/166/517 505/65/517 517/65/517 511/166/517
f 518/611/8 519/611/8 521/611/8 520/611/8
f 520/611/518 521/611/518 525/611/518 524/611/518
f 524/611/65 525/611/65 523/611/65 522/611/65
f 522/611/519 523/611/519 519/611/519 518/611/519
f 520/611/520 524/611/520 522/611/520 518/611/520
f 525/611/521 521/611/521 519/611/521 523/611/521
f 545/1/522 590/4/522 589/3/522 546/2/522
f 527/5/523 577/8/523 578/7/523 532/6/523
f 72/9/3 486/12/3 966/11/524 696/10/525
f 603/13/526 561/16/526 562/15/526 605/14/526
f 535/17/7 624/17/7 622/17/7 623/17/7 18/17/7 21/17/7
f 556/18/8 564/21/8 567/20/8 558/19/8
f 560/22/527 569/24/527 568/23/527 561/16/527
f 606/25/526 607/29/526 602/28/526 601/27/526 558/19/526 559/26/526
f 625/17/7 626/17/7 627/17/7 535/17/7 21/17/7 17/17/7
f 816/30/528 848/33/529 839/32/530 817/31/531
f 607/29/532 608/37/533 20/36/16 192/35/15 690/34/532 685/34/532 602/28/532
f 632/38/213 635/44/213 634/43/213 633/42/213 593/41/213 594/40/213 587/39/213
f 636/17/7 637/17/7 625/17/7 17/17/7 13/17/7 543/17/7 542/17/7
f 538/45/534 539/48/535 536/47/535 686/46/536
f 673/49/7 939/51/7 454/51/7 15/50/7
f 641/52/213 640/56/213 639/55/213 642/54/213 632/38/213 587/39/213 584/53/213
f 586/57/537 596/66/537 981/65/538 980/64/539 979/63/540 978/62/539 977/61/538 976/60/539 96/59/23 95/58/23
f 679/67/541 656/72/542 655/71/542 653/70/542 654/69/542 946/69/542 949/68/543
f 549/73/544 598/76/544 599/75/544 585/74/544
f 580/77/545 966/80/546 963/79/547 581/78/548
f 695/81/549 968/84/550 491/83/36 73/82/36
f 866/85/551 692/88/552 676/87/553 860/86/554
f 535/89/555 627/93/213 644/92/213 643/91/213 611/90/556
f 600/94/526 556/18/526 558/19/526 601/27/526
f 646/95/213 645/100/213 648/99/213 647/98/213 612/97/213 604/96/213 600/94/213
f 584/53/526 560/22/526 561/16/526 603/13/526
f 609/101/526 605/14/526 562/15/526 563/103/526 574/102/526
f 649/104/213 651/107/213 641/52/213 584/53/213 603/13/213 610/106/213 650/105/213
f 606/25/526 559/26/526 554/108/526 604/96/526
f 608/37/533 609/101/557 574/102/557 61/109/44 20/36/16
f 574/102/526 563/103/526 560/22/526 584/53/526
f 562/15/558 571/111/558 570/110/558 563/103/558
f 554/108/527 565/112/527 564/21/527 556/18/527
f 563/103/559 570/110/559 569/24/559 560/22/559
f 558/19/558 567/20/558 566/113/558 559/26/558
f 559/26/560 566/113/560 565/112/560 554/108/560
f 561/16/561 568/23/561 571/111/561 562/15/561
f 527/5/562 584/53/563 78/115/52 16/114/51
f 19/6/54 61/109/54 574/102/564 532/6/565
f 532/6/565 574/102/564 584/53/563 527/5/562
f 16/114/57 64/116/57 577/8/566 527/5/566
f 532/6/59 578/7/59 65/7/59 19/6/59
f 604/96/526 554/108/526 556/18/526 600/94/526
f 676/117/567 692/120/568 951/119/569 948/118/570
f 636/121/64 961/121/64 960/123/64 652/122/65 573/122/65 637/121/64
f 686/124/571 536/47/571 685/34/571
f 580/125/572 700/128/572 699/127/572 582/126/572
f 73/129/7 205/132/7 702/131/7 695/130/7
f 581/78/548 963/79/547 965/134/204 583/133/204
f 811/135/573 619/137/574 686/46/575 684/136/576
f 958/138/73 633/138/73 634/140/74 575/140/74 573/122/65 652/122/65 959/139/73
f 659/141/577 657/144/577 624/143/577 535/89/555 611/90/556 658/142/577
f 678/145/578 939/51/579 956/147/580 683/146/581
f 592/148/80 967/150/80 487/149/80 26/148/80
f 58/151/81 78/115/52 584/53/563 572/152/582
f 546/2/83 594/40/83 595/153/583 545/1/583
f 545/1/583 595/153/583 14/153/85 82/154/85
f 553/39/83 587/39/83 594/40/83 546/2/83
f 572/152/582 584/53/563 587/39/83 553/39/83
f 588/155/584 591/158/584 589/3/584 590/4/584 84/157/87 85/156/87
f 553/39/213 591/158/213 588/155/213 572/152/213
f 82/154/88 84/157/88 590/4/585 545/1/585
f 572/152/586 588/155/586 85/156/91 58/151/91
f 546/2/213 589/3/213 591/158/213 553/39/213
f 549/73/204 593/41/204 592/160/204 548/159/204
f 585/74/204 594/40/204 593/41/204 549/73/204
f 586/57/204 595/153/204 594/40/204 585/74/204
f 548/159/8 592/160/8 26/160/8 94/159/8
f 95/58/92 14/153/92 595/153/587 586/57/587
f 598/161/588 597/164/588 596/163/588 599/162/588
f 585/74/589 599/75/589 596/66/589 586/57/589
f 548/159/590 597/165/590 598/76/590 549/73/590
f 94/159/97 97/172/97 970/171/591 971/170/591 972/169/591 973/168/591 974/167/591 975/166/591 597/165/592 548/159/592
f 902/173/593 861/176/594 864/175/595 900/174/596
f 603/13/597 620/177/598 616/106/599 610/106/599
f 857/178/600 691/181/600 677/180/601 862/179/602
f 608/37/603 614/183/603 533/182/603 609/101/603
f 601/27/604 538/45/605 618/184/606 600/94/607
f 602/28/608 539/48/608 538/45/605 601/27/604
f 607/29/609 613/185/609 614/183/609 608/37/609
f 611/90/610 643/91/611 663/187/611 664/187/611 617/186/612
f 666/188/613 665/189/613 646/95/613 600/94/607 618/184/606
f 533/182/614 614/183/614 613/185/614 529/191/615 530/190/616
f 616/106/617 615/193/618 617/192/619
f 538/45/534 686/46/536 619/137/620 618/184/620
f 621/194/621 620/177/621 530/190/616 529/191/615
f 618/184/622 619/137/622 662/196/622 667/195/622 666/188/622
f 620/177/623 621/194/623 615/193/618 616/106/617
f 669/197/624 670/199/624 617/192/619 615/193/618 668/198/624
f 616/106/617 617/192/619 664/200/625 671/105/625
f 612/97/626 615/193/626 621/194/627 604/96/628
f 685/34/629 536/47/629 539/48/629 602/28/629
f 647/98/630 668/198/630 615/193/630 612/97/630
f 609/101/631 533/182/631 530/190/632 605/14/633
f 604/96/628 621/194/627 529/191/634 606/25/635
f 617/186/612 670/202/636 672/201/636 658/142/636 611/90/610
f 605/14/633 530/190/632 620/177/598 603/13/597
f 616/106/7 671/105/7 650/105/7 610/106/7
f 606/25/635 529/191/634 613/185/637 607/29/637
f 629/203/145 631/204/147 528/204/146 526/203/7
f 948/118/570 947/206/638 660/206/638 630/205/638 676/117/567
f 654/207/149 653/208/152 534/208/151 531/207/150
f 653/208/152 655/209/8 537/209/8 534/208/151
f 656/210/153 638/210/153 537/209/8 655/209/8
f 622/211/64 624/211/64 657/212/154 540/212/65
f 657/212/154 659/213/155 541/213/74 540/212/65
f 658/214/156 672/220/156 670/219/156 669/218/156 668/217/156 647/216/156 648/215/157 544/215/157 541/213/74 659/213/155
f 648/215/157 645/221/158 547/221/158 544/215/157
f 645/221/158 646/228/159 665/227/159 666/226/159 667/225/159 662/224/159 661/223/159 628/222/159 629/203/145 526/203/7 547/221/158
f 638/229/213 623/238/213 622/237/213 540/236/213 541/235/213 544/99/213 547/100/213 526/234/213 528/233/213 531/232/213 534/231/213 537/230/213
f 639/239/7 640/240/146 551/240/146 550/239/7
f 551/240/146 640/240/146 641/242/160 651/241/150 552/241/150
f 651/241/150 649/243/151 555/243/151 552/241/150
f 650/244/161 671/244/161 664/246/161 663/246/161 643/246/161 644/245/8 557/245/8 555/243/151 649/243/151
f 644/245/8 627/247/153 626/247/153 557/245/8
f 542/248/7 964/250/7 961/249/7 636/249/7
f 963/79/639 959/253/640 652/252/641 960/251/642 965/134/643
f 634/140/74 635/254/157 576/254/157 575/140/74
f 576/254/157 635/254/157 632/256/167 642/255/158 579/255/158
f 579/255/158 642/255/158 639/239/7 550/239/7
f 626/257/213 625/261/213 637/260/213 573/259/213 575/43/213 576/44/213 579/54/213 550/55/213 551/56/213 552/107/213 555/104/213 557/258/213
f 684/136/576 686/124/575 687/262/644
f 687/262/644 686/124/575 688/263/645
f 688/263/645 686/124/575 689/264/646
f 689/264/646 686/124/575 685/34/647
f 862/179/602 677/180/601 694/266/648 863/265/649
f 892/267/650 858/268/651 861/176/594 902/173/593
f 818/269/652 841/272/652 843/271/653 819/270/654
f 815/273/655 844/274/656 848/33/529 816/30/528
f 673/49/7 674/276/7 680/275/7 939/51/7
f 674/276/7 675/278/7 681/277/7 680/275/7
f 675/278/7 682/279/7 681/277/7
f 623/17/7 638/17/7 656/72/7 679/67/7 682/279/7 675/17/7 674/17/7 673/17/7 15/17/7 18/17/7
f 682/279/657 679/67/541 949/68/543 950/280/658
f 950/280/658 952/281/659 681/277/660 682/279/657
f 680/275/661 681/277/660 952/281/659 954/282/662
f 939/51/579 680/275/661 954/282/662 956/147/580
f 692/120/568 693/284/663 953/283/664 951/119/569
f 811/135/665 684/136/666 837/286/667 831/285/668
f 822/287/669 849/290/670 845/289/671 820/288/672
f 813/291/673 846/292/674 844/274/656 815/273/655
f 900/174/596 864/175/595 868/294/675 898/293/676
f 811/135/573 870/298/677 869/297/677 628/296/677 661/295/677 662/196/677 619/137/574
f 593/299/80 962/300/80 967/150/80 592/148/80
f 543/301/7 969/302/7 964/250/7 542/248/7
f 13/301/7 490/303/7 969/302/7 543/301/7
f 583/133/204 965/134/204 968/84/678 582/304/679
f 698/305/204 699/308/204 700/307/204 697/306/204
f 583/309/68 698/312/68 697/311/68 581/310/68
f 581/310/7 697/311/7 700/128/7 580/125/7
f 582/126/80 699/127/80 698/312/80 583/309/80
f 696/10/525 966/314/524 968/313/550 695/81/549
f 582/304/679 968/84/678 966/80/546 580/77/545
f 702/131/680 205/132/8 204/316/8 701/315/680
f 695/130/681 702/131/681 701/315/681 696/317/681
f 696/317/80 701/315/80 204/316/80 72/318/80
f 703/319/682 705/322/683 706/321/683 704/320/682
f 713/323/65 726/323/65 721/324/65 712/324/65
f 709/325/684 707/328/685 708/327/685 710/326/684
f 715/324/686 703/319/682 704/320/682 718/323/686
f 711/329/7 716/329/7 707/328/7 709/325/7
f 713/323/80 718/323/80 704/320/80 706/321/80
f 710/326/80 708/327/80 717/330/80 714/330/80
f 714/330/80 717/330/80 718/323/80 713/323/80
f 705/322/7 703/319/7 715/324/7 712/324/7
f 712/324/7 715/324/7 716/329/7 711/329/7
f 707/328/685 716/329/687 717/330/687 708/327/685
f 716/329/687 715/324/213 718/323/213 717/330/687
f 710/326/65 723/326/65 724/325/65 709/325/65
f 712/324/18 711/329/18 714/330/18 713/323/18
f 725/329/18 724/325/18 723/326/18 722/330/18
f 720/322/18 721/324/18 726/323/18 719/321/18
f 712/324/7 721/324/7 720/322/7 705/322/7
f 711/329/8 725/329/8 722/330/8 714/330/8
f 714/330/80 722/330/80 723/326/80 710/326/80
f 706/321/80 719/321/80 726/323/80 713/323/80
f 705/322/8 720/322/8 719/321/8 706/321/8
f 709/325/7 724/325/7 725/329/7 711/329/7
f 727/331/682 729/334/683 730/333/683 728/332/682
f 737/335/65 750/335/65 745/336/65 736/336/65
f 733/337/684 731/340/685 732/339/685 734/338/684
f 739/336/686 727/331/682 728/332/682 742/335/686
f 735/341/7 740/341/7 731/340/7 733/337/7
f 737/335/80 742/335/80 728/332/80 730/333/80
f 734/338/80 732/339/80 741/342/80 738/342/80
f 738/342/80 741/342/80 742/335/80 737/335/80
f 729/334/7 727/331/7 739/336/7 736/336/7
f 736/336/7 739/336/7 740/341/7 735/341/7
f 731/340/685 740/341/687 741/342/687 732/339/685
f 740/341/687 739/336/213 742/335/213 741/342/687
f 734/338/65 747/338/65 748/337/65 733/337/65
f 736/336/18 735/341/18 738/342/18 737/335/18
f 749/341/18 748/337/18 747/338/18 746/342/18
f 744/334/18 745/336/18 750/335/18 743/333/18
f 736/336/7 745/336/7 744/334/7 729/334/7
f 735/341/8 749/341/8 746/342/8 738/342/8
f 738/342/80 746/342/80 747/338/80 734/338/80
f 730/333/80 743/333/80 750/335/80 737/335/80
f 729/334/8 744/334/8 743/333/8 730/333/8
f 733/337/7 748/337/7 749/341/7 735/341/7
f 751/343/688 753/343/8 754/344/8 752/344/689
f 753/343/690 757/346/690 758/345/690 754/344/690
f 757/346/65 755/346/691 756/345/692 758/345/65
f 756/345/693 761/348/694 760/347/695 752/344/693
f 753/343/696 751/343/696 755/346/696 757/346/696
f 758/345/697 756/345/697 752/344/697 754/344/697
f 762/349/698 788/351/699 787/350/699 761/348/698
f 755/346/691 762/349/698 761/348/698 756/345/692
f 752/344/689 760/347/700 759/352/700 751/343/688
f 751/343/701 759/352/702 762/349/703 755/346/701
f 787/350/80 795/355/704 773/354/705 764/353/80
f 759/352/702 763/356/706 788/351/706 762/349/703
f 760/347/707 764/353/708 763/356/708 759/352/707
f 761/348/694 787/350/709 764/353/709 760/347/695
f 763/356/7 767/358/710 789/357/711 788/351/7
f 793/359/712 768/362/713 772/361/714 798/360/715
f 778/363/716 810/366/716 805/365/717 782/364/717
f 767/358/710 769/368/718 790/367/719 789/357/711
f 769/368/718 770/370/720 791/369/721 790/367/719
f 770/370/720 771/372/722 792/371/723 791/369/721
f 771/372/722 768/362/713 793/359/712 792/371/723
f 795/355/704 794/374/724 776/373/725 773/354/705
f 794/374/724 796/376/726 775/375/727 776/373/725
f 796/376/726 797/378/728 774/377/729 775/375/727
f 797/378/728 798/360/715 772/361/714 774/377/729
f 764/353/708 773/354/730 776/373/730 775/375/730 774/377/730 772/361/730 768/362/730 771/372/730 770/370/730 769/368/730 767/358/730 763/356/708
f 765/379/731 787/350/699 788/351/699 766/380/731
f 783/381/732 789/357/732 790/367/732 786/382/732
f 786/382/732 790/367/732 791/369/732 785/383/732
f 785/383/732 791/369/732 792/371/732 784/384/732
f 784/384/732 792/371/732 793/359/731 782/364/731
f 779/385/732 794/374/732 795/355/732 777/386/732
f 780/387/732 796/376/732 794/374/732 779/385/732
f 781/388/732 797/378/732 796/376/732 780/387/732
f 778/363/733 798/360/731 797/378/732 781/388/732
f 782/364/731 793/359/731 798/360/731 778/363/733
f 766/380/731 788/351/699 789/357/732 783/381/732
f 777/386/732 795/355/732 787/350/699 765/379/731
f 800/389/732 801/400/732 802/399/732 803/398/732 804/397/732 805/396/732 810/395/732 809/394/732 808/393/732 806/392/732 807/391/732 799/390/732
f 779/385/734 806/402/734 808/401/735 780/387/736
f 784/384/737 804/404/737 803/403/738 785/383/739
f 783/381/740 801/406/741 800/405/80 766/380/80
f 766/380/742 800/405/742 799/407/742 765/379/742
f 780/387/736 808/401/735 809/408/743 781/388/743
f 782/364/717 805/365/717 804/404/737 784/384/737
f 765/379/7 799/407/7 807/409/744 777/386/745
f 786/382/746 802/410/746 801/406/741 783/381/740
f 781/388/743 809/408/743 810/366/716 778/363/716
f 777/386/745 807/409/744 806/402/734 779/385/734
f 785/383/739 803/403/738 802/410/746 786/382/746
f 976/60/747 970/171/747 97/172/273 96/59/273
f 683/411/748 941/414/748 940/413/748 678/412/748
f 693/284/663 694/416/749 955/415/750 953/283/664
f 694/416/749 677/418/751 957/417/752 955/415/750
f 25/419/80 476/421/80 957/417/752 677/418/751 691/420/80
f 874/422/753 873/425/754 876/424/755 875/423/756
f 690/34/757 192/35/286 324/427/285 832/426/758
f 340/428/287 347/429/287 841/272/759 818/269/759
f 834/430/760 687/262/761 688/263/762 833/431/763
f 835/432/764 685/34/765 690/34/757 832/426/758
f 833/431/763 688/263/762 689/264/766 823/433/767
f 823/433/767 689/264/766 685/34/768 835/432/764
f 837/286/667 684/136/666 687/262/761 834/430/760
f 814/434/769 840/437/770 348/436/299 316/435/299
f 815/273/771 826/439/772 825/438/773 813/291/774
f 816/30/775 827/440/776 826/439/772 815/273/771
f 817/31/777 828/441/778 827/440/776 816/30/775
f 812/442/779 829/443/780 828/441/778 817/31/777
f 814/434/781 830/444/781 829/443/780 812/442/779
f 813/291/774 825/438/773 831/446/668 824/445/782
f 316/435/313 339/447/313 830/444/781 814/434/781
f 818/269/783 832/426/758 324/427/285 340/428/315
f 820/288/784 834/430/760 833/431/763 822/287/785
f 819/270/786 835/432/764 832/426/758 818/269/783
f 822/287/785 833/431/763 823/433/767 836/448/787
f 836/448/787 823/433/767 835/432/764 819/270/786
f 821/449/788 837/286/667 834/430/760 820/288/784
f 824/450/782 831/285/668 837/286/667 821/449/788
f 836/448/789 838/451/790 849/290/670 822/287/669
f 817/31/531 839/32/530 842/452/791 812/442/792
f 819/270/654 843/271/653 838/451/790 836/448/789
f 812/442/792 842/452/791 840/437/770 814/434/769
f 820/288/672 845/289/671 847/453/793 821/449/794
f 824/445/795 850/454/795 846/292/674 813/291/673
f 821/449/794 847/453/793 850/455/796 824/450/796
f 867/456/797 693/457/798 692/88/552 866/85/551
f 898/293/676 868/294/675 865/459/799 896/458/800
f 896/458/800 865/459/799 859/461/801 894/460/802
f 860/462/554 676/464/553 630/463/803 631/233/803 629/234/803 628/296/803 869/297/803
f 371/465/336 25/466/336 691/181/600 857/178/600
f 863/265/649 694/266/648 693/457/798 867/456/797
f 825/438/804 893/469/805 894/460/802 859/461/801 870/468/806 811/467/806 831/446/806
f 869/297/807 877/471/807 853/470/808 860/462/809
f 864/175/810 872/472/810 876/424/811 868/294/811
f 865/459/812 873/425/813 854/473/814 859/461/815
f 870/298/816 878/474/816 877/471/816 869/297/816
f 860/86/809 853/475/808 874/422/817 866/85/817
f 859/476/815 854/477/814 878/474/818 870/298/818
f 867/456/819 875/423/819 871/478/820 863/265/820
f 339/447/354 370/480/354 858/268/651 892/267/650 891/479/821 830/444/822
f 875/423/756 876/424/755 872/472/823 871/478/824
f 851/481/825 852/484/826 855/483/827 856/482/827
f 853/475/828 854/473/829 873/425/754 874/422/753
f 856/482/827 855/483/827 369/486/364 368/485/364
f 871/478/824 872/472/823 852/484/826 851/481/825
f 854/477/829 853/470/828 877/471/830 878/474/830
f 857/178/831 856/482/831 368/485/367 371/465/367
f 862/179/832 851/481/832 856/482/831 857/178/831
f 866/85/817 874/422/817 875/423/819 867/456/819
f 370/480/369 369/486/369 855/483/833 858/268/833
f 863/265/820 871/478/820 851/481/832 862/179/832
f 858/268/833 855/483/833 852/484/834 861/176/834
f 868/294/811 876/424/811 873/425/813 865/459/812
f 861/176/834 852/484/834 872/472/810 864/175/810
f 826/439/835 895/487/836 893/469/805 825/438/804
f 882/488/837 928/491/838 936/490/839 880/489/840
f 827/440/841 897/492/842 895/487/836 826/439/835
f 884/493/843 930/496/844 937/495/845 885/494/845
f 828/441/846 899/497/847 897/492/842 827/440/841
f 883/498/848 929/501/849 934/500/850 890/499/851
f 830/444/822 891/479/821 901/502/852 829/443/853
f 879/503/854 935/506/854 927/505/855 881/504/856
f 829/443/853 901/502/852 899/497/847 828/441/846
f 885/494/857 937/495/857 938/508/857 886/507/857
f 891/509/858 903/512/858 913/511/859 901/510/860
f 883/513/861 920/516/862 918/515/863 886/514/863
f 887/517/864 923/520/864 925/519/865 881/518/866
f 898/521/867 910/524/868 912/523/869 900/522/870
f 885/525/871 917/528/871 919/527/872 884/526/873
f 880/489/840 916/530/874 926/529/875 882/488/837
f 899/531/876 911/534/876 909/533/877 897/532/878
f 892/535/879 904/536/879 903/512/879 891/509/879
f 886/514/880 918/515/880 917/528/880 885/525/880
f 881/504/866 925/538/865 915/537/881 879/503/881
f 896/539/882 908/540/883 910/524/868 898/521/867
f 879/503/884 915/537/884 916/530/884 880/489/884
f 915/541/885 903/544/886 904/543/887 916/542/887
f 918/545/888 906/548/888 905/547/889 917/546/890
f 917/546/890 905/547/889 907/550/891 919/549/892
f 920/551/893 908/552/894 906/548/888 918/545/888
f 919/549/892 907/550/891 909/554/895 921/553/896
f 922/555/897 910/556/898 908/552/894 920/551/893
f 921/553/896 909/554/895 911/558/899 923/557/900
f 924/559/901 912/560/902 910/556/898 922/555/897
f 925/561/903 913/562/904 903/544/886 915/541/885
f 916/542/887 904/543/887 914/564/905 926/563/906
f 923/557/900 911/558/899 913/562/904 925/561/903
f 926/563/906 914/564/905 912/560/902 924/559/901
f 882/565/837 926/568/875 924/567/907 888/566/908
f 884/526/873 919/527/872 921/570/909 889/569/910
f 902/571/911 914/572/912 904/536/913 892/535/913
f 895/573/914 907/576/915 905/575/916 893/574/916
f 890/577/917 922/578/918 920/516/862 883/513/861
f 901/510/860 913/511/859 911/534/876 899/531/876
f 894/579/919 906/580/919 908/540/883 896/539/882
f 889/569/910 921/570/909 923/520/864 887/517/864
f 900/522/870 912/523/869 914/572/912 902/571/911
f 897/532/878 909/533/877 907/576/915 895/573/914
f 888/566/908 924/567/907 922/578/918 890/577/917
f 893/574/920 905/575/920 906/580/920 894/579/920
f 930/581/921 929/584/922 938/583/923 937/582/923
f 933/585/924 934/586/925 929/584/922 930/581/921
f 931/587/926 932/589/927 934/500/925 933/588/924
f 935/506/928 936/490/928 928/491/929 927/505/930
f 927/505/930 928/491/929 932/589/927 931/587/926
f 887/590/931 931/587/932 933/588/933 889/591/934
f 886/507/935 938/508/935 929/501/849 883/498/848
f 881/504/856 927/505/855 931/587/932 887/590/931
f 880/489/936 936/490/928 935/506/928 879/503/936
f 890/499/851 934/500/850 932/589/937 888/592/938
f 889/591/934 933/588/933 930/496/844 884/493/843
f 888/592/938 932/589/937 928/491/838 882/488/837
f 71/145/475 454/51/475 939/51/579 678/145/578
f 683/146/581 956/147/580 477/147/476 70/146/476
f 941/414/939 457/414/65 456/413/65 940/413/939
f 678/412/7 940/413/7 456/413/7 71/412/7
f 70/411/80 457/414/80 941/414/80 683/411/80
f 597/593/940 943/593/940 945/593/940 596/593/940
f 942/593/941 944/593/941 945/593/941 943/593/941
f 596/66/942 945/66/942 944/57/942 586/57/942
f 586/594/943 944/594/943 942/594/943 548/594/943
f 548/159/944 942/159/944 943/165/944 597/165/944
f 597/165/945 596/66/945 586/594/945 548/159/945
f 949/68/946 948/118/947 951/119/948 950/280/949
f 950/280/949 951/119/948 953/283/950 952/281/951
f 952/281/951 953/283/950 955/415/952 954/282/953
f 954/282/953 955/415/952 957/417/954 956/147/955
f 946/69/956 947/206/956 948/118/947 949/68/946
f 956/147/955 957/417/954 476/421/495 477/147/495
f 630/595/160 660/597/160 947/597/160 946/207/160 654/207/149 531/207/150 528/596/146 631/596/147
f 963/79/639 962/300/957 958/598/957 959/253/640
f 486/12/497 487/149/497 967/150/958 966/11/958
f 969/302/959 968/84/959 965/134/959 964/250/959
f 490/303/500 491/83/500 968/84/960 969/302/960
f 964/250/961 965/134/643 960/251/642 961/249/961
f 966/80/962 967/150/962 962/300/962 963/79/962
f 633/598/80 958/598/80 962/300/80 593/299/80
f 596/66/963 597/165/963 975/166/963 981/65/963
f 980/64/964 992/64/964 986/167/964 974/167/964
f 980/64/965 974/167/965 973/168/965 979/63/965
f 971/170/966 983/170/966 989/61/966 977/61/966
f 978/62/967 972/169/967 971/170/967 977/61/967
f 979/63/540 991/63/968 990/62/968 978/62/539
f 993/599/969 987/602/969 986/601/969 992/600/969
f 991/603/970 985/606/970 984/605/970 990/604/970
f 989/607/971 983/610/971 982/609/971 988/608/971
f 972/169/591 984/169/972 985/168/972 973/168/591
f 976/60/973 988/60/973 982/171/973 970/171/973
f 977/61/538 989/61/968 988/60/968 976/60/539
f 973/168/974 985/168/974 991/63/974 979/63/974
f 981/65/538 993/65/968 992/64/968 980/64/539
f 970/171/591 982/171/972 983/170/972 971/170/591
f 978/62/975 990/62/975 984/169/975 972/169/975
f 974/167/591 986/167/972 987/166/972 975/166/591
f 975/166/976 987/166/976 993/65/976 981/65/976
f 994/611/8 996/611/8 997/611/8 995/611/8
f 996/611/519 1000/611/519 1001/611/519 997/611/519
f 1000/611/65 998/611/65 999/611/65 1001/611/65
f 998/611/518 994/611/518 995/611/518 999/611/518
f 996/611/520 994/611/520 998/611/520 1000/611/520
f 1001/611/521 999/611/521 995/611/521 997/611/521
usemtl Glass
f 51/112/6 50/21/6 53/20/6 52/113/6
f 55/24/6 54/23/6 57/111/6 56/110/6
f 64/116/977 67/8/978 68/7/978 65/7/977
f 357/292/979 355/274/980 356/612/981 358/613/982
f 350/32/983 353/452/984 354/614/985 349/615/986
f 355/274/980 359/33/987 360/616/988 356/612/981
f 359/33/987 350/32/983 349/615/986 360/616/988
f 353/452/984 351/437/989 352/617/990 354/614/985
f 347/618/991 352/617/990 351/437/989 348/436/991
f 358/453/982 361/455/992 357/619/979
f 565/112/526 566/113/526 567/20/526 564/21/526
f 569/24/526 570/110/526 571/111/526 568/23/526
f 64/116/977 65/7/977 578/7/993 577/8/993
f 846/292/994 847/613/995 845/612/996 844/274/997
f 839/32/998 838/615/999 843/614/1000 842/452/1001
f 844/274/997 845/612/996 849/616/1002 848/33/1003
f 848/33/1003 849/616/1002 838/615/999 839/32/998
f 842/452/1001 843/614/1000 841/617/1004 840/437/1005
f 347/618/991 348/436/991 840/437/1005 841/617/1004
f 847/453/995 846/619/994 850/455/1006
o FrontLeftTire
v 0.286476 0.172197 0.426160
v 0.286476 0.167069 0.400377
v 0.286476 0.152464 0.378519
v 0.286476 0.130606 0.363914
v 0.286476 0.104823 0.358786
v 0.286476 0.079040 0.363914
v 0.286476 0.057182 0.378519
v 0.286476 0.042577 0.400377
v 0.286476 0.037449 0.426161
v 0.286476 0.042577 0.451944
v 0.286476 0.057182 0.473801
v 0.286476 0.079040 0.488406
v 0.286476 0.104823 0.493535
v 0.286476 0.130606 0.488406
v 0.286476 0.152464 0.473801
v 0.286476 0.167069 0.451944
v 0.274661 0.115443 0.421761
v 0.274661 0.116318 0.426160
v 0.274661 0.112951 0.418032
v 0.274661 0.109222 0.415540
v 0.274661 0.104823 0.414665
v 0.274661 0.100424 0.415540
v 0.274661 0.096695 0.418032
v 0.274661 0.094203 0.421761
v 0.274661 0.093328 0.426161
v 0.274661 0.094203 0.430559
v 0.274661 0.096695 0.434289
v 0.274661 0.100424 0.436781
v 0.274661 0.104823 0.437656
v 0.274661 0.109222 0.436781
v 0.274661 0.112951 0.434289
v 0.274661 0.115443 0.430559
v 0.274661 0.167069 0.400377
v 0.274661 0.172197 0.426160
v 0.274661 0.152464 0.378519
v 0.274661 0.130606 0.363914
v 0.274661 0.104823 0.358786
v 0.274661 0.079040 0.363914
v 0.274661 0.057182 0.378519
v 0.274661 0.042577 0.400377
v 0.274661 0.037449 0.426161
v 0.274661 0.042577 0.451944
v 0.274661 0.057182 0.473801
v 0.274661 0.079040 0.488406
v 0.274661 0.104823 0.493535
v 0.274661 0.130606 0.488406
v 0.274661 0.152464 0.473801
v 0.274661 0.167069 0.451944
v 0.274661 0.138421 0.412243
v 0.274661 0.141190 0.426160
v 0.274661 0.130538 0.400445
v 0.274661 0.118740 0.392562
v 0.274661 0.104823 0.389794
v 0.274661 0.090906 0.392562
v 0.274661 0.079108 0.400445
v 0.274661 0.071225 0.412243
v 0.274661 0.068456 0.426161
v 0.274661 0.071225 0.440077
v 0.274661 0.079108 0.451875
v 0.274661 0.090906 0.459759
v 0.274661 0.104823 0.462527
v 0.274661 0.118740 0.459759
v 0.274661 0.130538 0.451875
v 0.274661 0.138421 0.440077
v 0.264215 0.152464 0.378519
v 0.264215 0.167069 0.400377
v 0.264215 0.130606 0.363914
v 0.264215 0.057182 0.378519
v 0.264215 0.079040 0.363914
v 0.264215 0.042577 0.400377
v 0.264215 0.057182 0.473801
v 0.264215 0.042577 0.451944
v 0.264215 0.079040 0.488406
v 0.264215 0.152464 0.473801
v 0.264215 0.130606 0.488406
v 0.264215 0.167069 0.451944
v 0.264215 0.130538 0.400445
v 0.264215 0.138421 0.412243
v 0.264215 0.118740 0.392562
v 0.264215 0.079108 0.400445
v 0.264215 0.090906 0.392562
v 0.264215 0.071225 0.412243
v 0.264215 0.079108 0.451875
v 0.264215 0.071225 0.440077
v 0.264215 0.090906 0.459759
v 0.264215 0.130538 0.451875
v 0.264215 0.118740 0.459759
v 0.264215 0.138421 0.440077
v 0.267473 0.115443 0.421761
v 0.267473 0.116318 0.426160
v 0.267473 0.112951 0.418032
v 0.267473 0.109222 0.415540
v 0.267473 0.104823 0.414665
v 0.267473 0.100424 0.415540
v 0.267473 0.096695 0.418032
v 0.267473 0.094203 0.421761
v 0.267473 0.093328 0.426161
v 0.267473 0.094203 0.430559
v 0.267473 0.096695 0.434289
v 0.267473 0.100424 0.436781
v 0.267473 0.104823 0.437656
v 0.267473 0.109222 0.436781
v 0.267473 0.112951 0.434289
v 0.267473 0.115443 0.430559
v 0.202577 0.165164 0.426160
v 0.212125 0.208950 0.426160
v 0.202577 0.160570 0.403069
v 0.212125 0.201023 0.386313
v 0.202577 0.147490 0.383493
v 0.212125 0.178451 0.352532
v 0.202577 0.127914 0.370413
v 0.212125 0.144671 0.329960
v 0.202577 0.104823 0.365820
v 0.212125 0.104823 0.322034
v 0.202577 0.081732 0.370413
v 0.212125 0.064975 0.329960
v 0.202577 0.062156 0.383493
v 0.212125 0.031194 0.352532
v 0.202577 0.049076 0.403069
v 0.212125 0.008623 0.386313
v 0.202577 0.044482 0.426161
v 0.212125 0.000696 0.426161
v 0.202577 0.049076 0.449252
v 0.212125 0.008623 0.466008
v 0.202577 0.062156 0.468828
v 0.212125 0.031195 0.499789
v 0.202577 0.081732 0.481908
v 0.212125 0.064976 0.522360
v 0.202577 0.104823 0.486501
v 0.212125 0.104823 0.530287
v 0.202577 0.127914 0.481908
v 0.212125 0.144671 0.522360
v 0.202577 0.147490 0.468828
v 0.212125 0.178452 0.499789
v 0.202577 0.160570 0.449252
v 0.212125 0.201023 0.466008
v 0.286476 0.193494 0.389431
v 0.276928 0.201023 0.386313
v 0.276928 0.208950 0.426160
v 0.286476 0.200800 0.426160
v 0.286476 0.172689 0.358294
v 0.276928 0.178451 0.352532
v 0.286476 0.141552 0.337489
v 0.276928 0.144671 0.329960
v 0.286476 0.104823 0.330183
v 0.276928 0.104823 0.322034
v 0.286476 0.068094 0.337489
v 0.276928 0.064975 0.329960
v 0.286476 0.036957 0.358294
v 0.276928 0.031194 0.352532
v 0.286476 0.016151 0.389431
v 0.276928 0.008623 0.386313
v 0.286476 0.008846 0.426161
v 0.276928 0.000696 0.426161
v 0.286476 0.016151 0.462890
v 0.276928 0.008623 0.466008
v 0.286476 0.036957 0.494027
v 0.276928 0.031195 0.499789
v 0.286476 0.068094 0.514832
v 0.276928 0.064976 0.522360
v 0.286476 0.104823 0.522138
v 0.276928 0.104823 0.530287
v 0.286476 0.141552 0.514832
v 0.276928 0.144671 0.522360
v 0.286476 0.172689 0.494027
v 0.276928 0.178452 0.499789
v 0.286476 0.193494 0.462890
v 0.276928 0.201023 0.466008
v 0.202577 0.193494 0.389431
v 0.202577 0.200800 0.426160
v 0.202577 0.172689 0.358294
v 0.202577 0.141552 0.337489
v 0.202577 0.104823 0.330183
v 0.202577 0.068094 0.337489
v 0.202577 0.036957 0.358294
v 0.202577 0.016151 0.389431
v 0.202577 0.008846 0.426161
v 0.202577 0.016151 0.462890
v 0.202577 0.036957 0.494027
v 0.202577 0.068094 0.514832
v 0.202577 0.104823 0.522138
v 0.202577 0.141552 0.514832
v 0.202577 0.172689 0.494027
v 0.202577 0.193494 0.462890
v 0.219344 0.160570 0.403069
v 0.219344 0.165164 0.426160
v 0.219344 0.147490 0.383493
v 0.219344 0.127914 0.370413
v 0.219344 0.104823 0.365820
v 0.219344 0.081732 0.370413
v 0.219344 0.062156 0.383493
v 0.219344 0.049076 0.403069
v 0.219344 0.044482 0.426161
v 0.219344 0.049076 0.449252
v 0.219344 0.062156 0.468828
v 0.219344 0.081732 0.481908
v 0.219344 0.104823 0.486501
v 0.219344 0.127914 0.481908
v 0.219344 0.147490 0.468828
v 0.219344 0.160570 0.449252
vn -0.0000 0.9808 0.1951
vn -0.0000 0.5556 -0.8315
vn -0.0000 0.1951 -0.9808
vn -0.0000 -0.1951 -0.9808
vn -0.0000 -0.5556 -0.8315
vn -0.0000 -0.8315 -0.5556
vn -0.0000 -0.9808 -0.1951
vn -0.0000 -0.9808 0.1951
vn -0.0000 -0.8315 0.5556
vn -0.0000 -0.5556 0.8315
vn -0.0000 -0.1951 0.9808
vn -0.0000 0.1951 0.9808
vn -0.0000 0.5556 0.8315
vn -0.0000 0.8315 0.5556
vn -0.0000 0.8315 -0.5556
vn 1.0000 -0.0000 -0.0000
vn -0.0000 0.9808 -0.1951
vn -0.0000 0.5556 0.8314
vn -0.0000 -0.9239 -0.3827
vn -0.0000 0.9239 0.3827
vn -0.0000 -0.9239 0.3827
vn -0.0000 0.9239 -0.3827
vn -0.0000 0.3827 -0.9239
vn -0.0000 -0.3827 0.9239
vn -0.0000 -0.3827 -0.9239
vn -0.0000 0.3827 0.9239
vn -0.0000 -0.5556 -0.8314
vn -0.0000 -0.5556 0.8314
vn -0.0000 0.5556 -0.8314
vn -0.0000 0.1950 -0.9808
vn -0.0000 -0.1950 -0.9808
vn -0.6419 0.7521 -0.1496
vn 0.6419 0.7521 -0.1496
vn -0.6419 0.6376 -0.4260
vn 0.6419 0.6376 -0.4260
vn -0.6419 0.4260 -0.6376
vn 0.6419 0.4260 -0.6376
vn -0.6419 0.1496 -0.7521
vn 0.6419 0.1496 -0.7521
vn -0.6419 -0.1496 -0.7521
vn 0.6419 -0.1496 -0.7521
vn -0.6419 -0.4260 -0.6376
vn 0.6419 -0.4260 -0.6376
vn -0.6419 -0.6376 -0.4260
vn 0.6419 -0.6376 -0.4260
vn -0.6419 -0.7521 -0.1496
vn 0.6419 -0.7521 -0.1496
vn -0.6419 -0.7521 0.1496
vn 0.6419 -0.7521 0.1496
vn -0.6419 -0.6376 0.4260
vn 0.6419 -0.6376 0.4260
vn -0.6419 -0.4260 0.6376
vn 0.6419 -0.4260 0.6376
vn -0.6419 -0.1496 0.7521
vn 0.6419 -0.1496 0.7521
vn -0.6419 0.1496 0.7521
vn 0.6419 0.1496 0.7521
vn -0.6419 0.4260 0.6376
vn 0.6419 0.4260 0.6376
vn -0.6419 0.6376 0.4260
vn 0.6419 0.6376 0.4260
vn -0.6419 0.7521 0.1496
vn 0.6419 0.7521 0.1496
vn -1.0000 -0.0000 -0.0000
vt 0.051732 0.960589
vt 0.150151 0.966020
vt 0.189043 0.967571
s 1
usemtl Material.001
f 1137/620/1007 1169/620/1007 1140/620/1007 1107/620/1007
f 1111/620/1008 1143/620/1008 1145/620/1008 1113/620/1008
f 1113/620/1009 1145/620/1009 1147/620/1009 1115/620/1009
f 1115/620/1010 1147/620/1010 1149/620/1010 1117/620/1010
f 1117/620/1011 1149/620/1011 1151/620/1011 1119/620/1011
f 1119/620/1012 1151/620/1012 1153/620/1012 1121/620/1012
f 1121/620/1013 1153/620/1013 1155/620/1013 1123/620/1013
f 1123/620/1014 1155/620/1014 1157/620/1014 1125/620/1014
f 1125/620/1015 1157/620/1015 1159/620/1015 1127/620/1015
f 1127/620/1016 1159/620/1016 1161/620/1016 1129/620/1016
f 1129/620/1017 1161/620/1017 1163/620/1017 1131/620/1017
f 1131/620/1018 1163/620/1018 1165/620/1018 1133/620/1018
f 1133/620/1019 1165/620/1019 1167/620/1019 1135/620/1019
f 1135/620/1020 1167/620/1020 1169/620/1020 1137/620/1020
f 1012/620/1021 1011/620/1021 1043/620/1021 1044/620/1021
f 1002/620/1022 1003/620/1022 1138/620/1022 1141/620/1022
f 1109/620/1021 1139/620/1021 1143/620/1021 1111/620/1021
f 1107/620/1023 1140/620/1023 1139/620/1023 1109/620/1023
f 1003/620/1022 1004/620/1022 1142/620/1022 1138/620/1022
f 1017/620/1022 1002/620/1022 1141/620/1022 1168/620/1022
f 1005/620/1022 1006/620/1022 1146/620/1022 1144/620/1022
f 1006/620/1022 1007/620/1022 1148/620/1022 1146/620/1022
f 1007/620/1022 1008/620/1022 1150/620/1022 1148/620/1022
f 1008/620/1022 1009/620/1022 1152/620/1022 1150/620/1022
f 1009/620/1022 1010/620/1022 1154/620/1022 1152/620/1022
f 1010/620/1022 1011/620/1022 1156/620/1022 1154/620/1022
f 1011/620/1022 1012/620/1022 1158/620/1022 1156/620/1022
f 1012/620/1022 1013/620/1022 1160/620/1022 1158/620/1022
f 1013/620/1022 1014/620/1022 1162/620/1022 1160/620/1022
f 1014/620/1022 1015/620/1022 1164/620/1022 1162/620/1022
f 1015/620/1022 1016/620/1022 1166/620/1022 1164/620/1022
f 1016/620/1022 1017/620/1022 1168/620/1022 1166/620/1022
f 1004/620/1022 1005/620/1022 1144/620/1022 1142/620/1022
f 1024/621/1024 1023/621/1024 1095/621/1024 1096/621/1024
f 1005/620/1016 1004/620/1016 1036/620/1016 1037/620/1016
f 1013/620/1008 1012/620/1008 1044/620/1008 1045/620/1008
f 1006/620/1017 1005/620/1017 1037/620/1017 1038/620/1017
f 1014/620/1009 1013/620/1009 1045/620/1009 1046/620/1009
f 1007/620/1018 1006/620/1018 1038/620/1018 1039/620/1018
f 1015/620/1010 1014/620/1010 1046/620/1010 1047/620/1010
f 1008/620/1019 1007/620/1019 1039/620/1019 1040/620/1019
f 1016/620/1011 1015/620/1011 1047/620/1011 1048/620/1011
f 1009/620/1020 1008/620/1020 1040/620/1020 1041/620/1020
f 1017/620/1012 1016/620/1012 1048/620/1012 1049/620/1012
f 1010/620/1007 1009/620/1007 1041/620/1007 1042/620/1007
f 1003/620/1014 1002/620/1014 1035/620/1014 1034/620/1014
f 1002/620/1013 1017/620/1013 1049/620/1013 1035/620/1013
f 1011/620/1023 1010/620/1023 1042/620/1023 1043/620/1023
f 1004/620/1015 1003/620/1015 1034/620/1015 1036/620/1015
f 1051/621/1022 1050/621/1022 1034/621/1022 1035/621/1022
f 1036/620/1015 1034/620/1015 1067/620/1015 1066/620/1015
f 1063/621/1019 1064/621/1019 1087/621/1019 1088/621/1019
f 1053/621/1022 1054/621/1022 1038/621/1022 1037/621/1022
f 1054/621/1022 1055/621/1022 1039/621/1022 1038/621/1022
f 1055/621/1011 1056/621/1011 1081/621/1011 1082/621/1011
f 1061/621/1025 1045/621/1025 1074/621/1025 1086/621/1025
f 1057/621/1022 1058/621/1022 1042/621/1022 1041/621/1022
f 1058/621/1022 1059/621/1022 1043/621/1022 1042/621/1022
f 1049/620/1012 1048/620/1012 1075/620/1012 1077/620/1012
f 1053/621/1026 1037/621/1026 1068/621/1026 1080/621/1026
f 1061/621/1022 1062/621/1022 1046/621/1022 1045/621/1022
f 1062/621/1022 1063/621/1022 1047/621/1022 1046/621/1022
f 1041/620/1020 1040/620/1020 1069/620/1020 1071/620/1020
f 1048/620/1011 1047/620/1011 1076/620/1011 1075/620/1011
f 1065/621/1022 1051/621/1022 1035/621/1022 1049/621/1022
f 1019/621/1022 1018/621/1022 1050/621/1022 1051/621/1022
f 1018/621/1022 1020/621/1022 1052/621/1022 1050/621/1022
f 1020/621/1022 1021/621/1022 1053/621/1022 1052/621/1022
f 1021/621/1022 1022/621/1022 1054/621/1022 1053/621/1022
f 1022/621/1022 1023/621/1022 1055/621/1022 1054/621/1022
f 1023/621/1022 1024/621/1022 1056/621/1022 1055/621/1022
f 1024/621/1022 1025/621/1022 1057/621/1022 1056/621/1022
f 1025/621/1022 1026/621/1022 1058/621/1022 1057/621/1022
f 1026/621/1022 1027/621/1022 1059/621/1022 1058/621/1022
f 1027/621/1022 1028/621/1022 1060/621/1022 1059/621/1022
f 1028/621/1022 1029/621/1022 1061/621/1022 1060/621/1022
f 1029/621/1022 1030/621/1022 1062/621/1022 1061/621/1022
f 1030/621/1022 1031/621/1022 1063/621/1022 1062/621/1022
f 1031/621/1022 1032/621/1022 1064/621/1022 1063/621/1022
f 1032/621/1022 1033/621/1022 1065/621/1022 1064/621/1022
f 1033/621/1022 1019/621/1022 1051/621/1022 1065/621/1022
f 1079/622/1022 1078/622/1022 1066/622/1022 1067/622/1022
f 1078/622/1022 1080/622/1022 1068/622/1022 1066/622/1022
f 1082/622/1022 1081/622/1022 1069/622/1022 1070/622/1022
f 1081/622/1022 1083/622/1022 1071/622/1022 1069/622/1022
f 1085/622/1022 1084/622/1022 1072/622/1022 1073/622/1022
f 1084/622/1022 1086/622/1022 1074/622/1022 1072/622/1022
f 1088/622/1022 1087/622/1022 1075/622/1022 1076/622/1022
f 1087/622/1022 1089/622/1022 1077/622/1022 1075/622/1022
f 1056/621/1012 1057/621/1012 1083/621/1012 1081/621/1012
f 1039/621/1027 1055/621/1027 1082/621/1027 1070/621/1027
f 1064/621/1020 1065/621/1020 1089/621/1020 1087/621/1020
f 1044/620/1021 1043/620/1021 1073/620/1021 1072/620/1021
f 1047/621/1028 1063/621/1028 1088/621/1028 1076/621/1028
f 1037/620/1016 1036/620/1016 1066/620/1016 1068/620/1016
f 1045/620/1008 1044/620/1008 1072/620/1008 1074/620/1008
f 1057/621/1029 1041/621/1029 1071/621/1029 1083/621/1029
f 1050/621/1021 1052/621/1021 1078/621/1021 1079/621/1021
f 1065/621/1030 1049/621/1030 1077/621/1030 1089/621/1030
f 1059/621/1015 1060/621/1015 1084/621/1015 1085/621/1015
f 1052/621/1008 1053/621/1008 1080/621/1008 1078/621/1008
f 1034/621/1031 1050/621/1031 1079/621/1031 1067/621/1031
f 1060/621/1016 1061/621/1016 1086/621/1016 1084/621/1016
f 1040/620/1019 1039/620/1019 1070/620/1019 1069/620/1019
f 1043/621/1032 1059/621/1032 1085/621/1032 1073/621/1032
f 1090/621/1022 1091/621/1022 1105/621/1022 1104/621/1022 1103/621/1022 1102/621/1022 1101/621/1022 1100/621/1022 1099/621/1022 1098/621/1022 1097/621/1022 1096/621/1022 1095/621/1022 1094/621/1022 1093/621/1022 1092/621/1022
f 1032/621/1033 1031/621/1033 1103/621/1033 1104/621/1033
f 1025/621/1020 1024/621/1020 1096/621/1020 1097/621/1020
f 1033/621/1012 1032/621/1012 1104/621/1012 1105/621/1012
f 1026/621/1007 1025/621/1007 1097/621/1007 1098/621/1007
f 1018/621/1014 1019/621/1014 1091/621/1014 1090/621/1014
f 1019/621/1013 1033/621/1013 1105/621/1013 1091/621/1013
f 1027/621/1023 1026/621/1023 1098/621/1023 1099/621/1023
f 1020/621/1015 1018/621/1015 1090/621/1015 1092/621/1015
f 1028/621/1021 1027/621/1021 1099/621/1021 1100/621/1021
f 1021/621/1034 1020/621/1034 1092/621/1034 1093/621/1034
f 1029/621/1035 1028/621/1035 1100/621/1035 1101/621/1035
f 1022/621/1017 1021/621/1017 1093/621/1017 1094/621/1017
f 1030/621/1036 1029/621/1036 1101/621/1036 1102/621/1036
f 1023/621/1018 1022/621/1018 1094/621/1018 1095/621/1018
f 1031/621/1037 1030/621/1037 1102/621/1037 1103/621/1037
f 1107/620/1038 1109/620/1038 1170/620/1038 1171/620/1038
f 1139/620/1039 1140/620/1039 1141/620/1039 1138/620/1039
f 1109/620/1040 1111/620/1040 1172/620/1040 1170/620/1040
f 1143/620/1041 1139/620/1041 1138/620/1041 1142/620/1041
f 1111/620/1042 1113/620/1042 1173/620/1042 1172/620/1042
f 1145/620/1043 1143/620/1043 1142/620/1043 1144/620/1043
f 1113/620/1044 1115/620/1044 1174/620/1044 1173/620/1044
f 1147/620/1045 1145/620/1045 1144/620/1045 1146/620/1045
f 1115/620/1046 1117/620/1046 1175/620/1046 1174/620/1046
f 1149/620/1047 1147/620/1047 1146/620/1047 1148/620/1047
f 1117/620/1048 1119/620/1048 1176/620/1048 1175/620/1048
f 1151/620/1049 1149/620/1049 1148/620/1049 1150/620/1049
f 1119/620/1050 1121/620/1050 1177/620/1050 1176/620/1050
f 1153/620/1051 1151/620/1051 1150/620/1051 1152/620/1051
f 1121/620/1052 1123/620/1052 1178/620/1052 1177/620/1052
f 1155/620/1053 1153/620/1053 1152/620/1053 1154/620/1053
f 1123/620/1054 1125/620/1054 1179/620/1054 1178/620/1054
f 1157/620/1055 1155/620/1055 1154/620/1055 1156/620/1055
f 1125/620/1056 1127/620/1056 1180/620/1056 1179/620/1056
f 1159/620/1057 1157/620/1057 1156/620/1057 1158/620/1057
f 1127/620/1058 1129/620/1058 1181/620/1058 1180/620/1058
f 1161/620/1059 1159/620/1059 1158/620/1059 1160/620/1059
f 1129/620/1060 1131/620/1060 1182/620/1060 1181/620/1060
f 1163/620/1061 1161/620/1061 1160/620/1061 1162/620/1061
f 1131/620/1062 1133/620/1062 1183/620/1062 1182/620/1062
f 1165/620/1063 1163/620/1063 1162/620/1063 1164/620/1063
f 1133/620/1064 1135/620/1064 1184/620/1064 1183/620/1064
f 1167/620/1065 1165/620/1065 1164/620/1065 1166/620/1065
f 1135/620/1066 1137/620/1066 1185/620/1066 1184/620/1066
f 1169/620/1067 1167/620/1067 1166/620/1067 1168/620/1067
f 1137/620/1068 1107/620/1068 1171/620/1068 1185/620/1068
f 1140/620/1069 1169/620/1069 1168/620/1069 1141/620/1069
f 1118/620/1020 1120/620/1020 1193/620/1020 1192/620/1020
f 1108/620/1070 1106/620/1070 1171/620/1070 1170/620/1070
f 1110/620/1070 1108/620/1070 1170/620/1070 1172/620/1070
f 1112/620/1070 1110/620/1070 1172/620/1070 1173/620/1070
f 1114/620/1070 1112/620/1070 1173/620/1070 1174/620/1070
f 1116/620/1070 1114/620/1070 1174/620/1070 1175/620/1070
f 1118/620/1070 1116/620/1070 1175/620/1070 1176/620/1070
f 1120/620/1070 1118/620/1070 1176/620/1070 1177/620/1070
f 1122/620/1070 1120/620/1070 1177/620/1070 1178/620/1070
f 1124/620/1070 1122/620/1070 1178/620/1070 1179/620/1070
f 1126/620/1070 1124/620/1070 1179/620/1070 1180/620/1070
f 1128/620/1070 1126/620/1070 1180/620/1070 1181/620/1070
f 1130/620/1070 1128/620/1070 1181/620/1070 1182/620/1070
f 1132/620/1070 1130/620/1070 1182/620/1070 1183/620/1070
f 1134/620/1070 1132/620/1070 1183/620/1070 1184/620/1070
f 1136/620/1070 1134/620/1070 1184/620/1070 1185/620/1070
f 1106/620/1070 1136/620/1070 1185/620/1070 1171/620/1070
f 1187/620/1070 1186/620/1070 1188/620/1070 1189/620/1070 1190/620/1070 1191/620/1070 1192/620/1070 1193/620/1070 1194/620/1070 1195/620/1070 1196/620/1070 1197/620/1070 1198/620/1070 1199/620/1070 1200/620/1070 1201/620/1070
f 1134/620/1012 1136/620/1012 1201/620/1012 1200/620/1012
f 1120/620/1007 1122/620/1007 1194/620/1007 1193/620/1007
f 1106/620/1014 1108/620/1014 1186/620/1014 1187/620/1014
f 1136/620/1013 1106/620/1013 1187/620/1013 1201/620/1013
f 1122/620/1023 1124/620/1023 1195/620/1023 1194/620/1023
f 1108/620/1015 1110/620/1015 1188/620/1015 1186/620/1015
f 1124/620/1021 1126/620/1021 1196/620/1021 1195/620/1021
f 1110/620/1016 1112/620/1016 1189/620/1016 1188/620/1016
f 1126/620/1008 1128/620/1008 1197/620/1008 1196/620/1008
f 1112/620/1017 1114/620/1017 1190/620/1017 1189/620/1017
f 1128/620/1009 1130/620/1009 1198/620/1009 1197/620/1009
f 1114/620/1018 1116/620/1018 1191/620/1018 1190/620/1018
f 1130/620/1010 1132/620/1010 1199/620/1010 1198/620/1010
f 1116/620/1019 1118/620/1019 1192/620/1019 1191/620/1019
f 1132/620/1011 1134/620/1011 1200/620/1011 1199/620/1011
o FrontRightTire
v -0.298109 0.172197 0.426160
v -0.298108 0.167069 0.451944
v -0.298108 0.152464 0.473801
v -0.298108 0.130606 0.488406
v -0.298108 0.104823 0.493534
v -0.298108 0.079040 0.488406
v -0.298108 0.057182 0.473801
v -0.298108 0.042577 0.451944
v -0.298109 0.037449 0.426160
v -0.298109 0.042577 0.400377
v -0.298109 0.057182 0.378519
v -0.298109 0.079040 0.363914
v -0.298109 0.104823 0.358786
v -0.298109 0.130606 0.363914
v -0.298109 0.152464 0.378519
v -0.298109 0.167069 0.400377
v -0.286294 0.115443 0.430559
v -0.286294 0.116318 0.426160
v -0.286294 0.112951 0.434289
v -0.286294 0.109222 0.436781
v -0.286294 0.104823 0.437656
v -0.286294 0.100424 0.436781
v -0.286294 0.096695 0.434289
v -0.286294 0.094203 0.430559
v -0.286294 0.093328 0.426160
v -0.286294 0.094203 0.421761
v -0.286294 0.096695 0.418032
v -0.286294 0.100424 0.415540
v -0.286294 0.104823 0.414665
v -0.286294 0.109222 0.415540
v -0.286294 0.112951 0.418032
v -0.286294 0.115443 0.421761
v -0.286294 0.167069 0.451944
v -0.286294 0.172197 0.426160
v -0.286294 0.152464 0.473801
v -0.286294 0.130606 0.488406
v -0.286294 0.104823 0.493534
v -0.286294 0.079040 0.488406
v -0.286294 0.057182 0.473801
v -0.286294 0.042577 0.451944
v -0.286294 0.037449 0.426160
v -0.286294 0.042577 0.400377
v -0.286294 0.057182 0.378519
v -0.286294 0.079040 0.363914
v -0.286294 0.104823 0.358786
v -0.286294 0.130606 0.363914
v -0.286294 0.152464 0.378519
v -0.286294 0.167069 0.400377
v -0.286294 0.138421 0.440077
v -0.286294 0.141190 0.426160
v -0.286294 0.130538 0.451875
v -0.286294 0.118740 0.459759
v -0.286294 0.104823 0.462527
v -0.286294 0.090906 0.459759
v -0.286294 0.079108 0.451875
v -0.286294 0.071225 0.440077
v -0.286294 0.068456 0.426160
v -0.286294 0.071225 0.412243
v -0.286294 0.079108 0.400445
v -0.286294 0.090906 0.392562
v -0.286294 0.104823 0.389794
v -0.286294 0.118740 0.392562
v -0.286294 0.130538 0.400445
v -0.286294 0.138421 0.412243
v -0.275847 0.152464 0.473801
v -0.275847 0.167069 0.451944
v -0.275847 0.130606 0.488406
v -0.275847 0.057182 0.473801
v -0.275847 0.079040 0.488406
v -0.275847 0.042577 0.451944
v -0.275847 0.057182 0.378519
v -0.275847 0.042577 0.400377
v -0.275848 0.079040 0.363914
v -0.275847 0.152464 0.378519
v -0.275848 0.130606 0.363914
v -0.275847 0.167069 0.400377
v -0.275847 0.130538 0.451875
v -0.275847 0.138421 0.440077
v -0.275847 0.118740 0.459759
v -0.275847 0.079108 0.451875
v -0.275847 0.090906 0.459759
v -0.275847 0.071225 0.440077
v -0.275847 0.079108 0.400445
v -0.275847 0.071225 0.412243
v -0.275847 0.090906 0.392562
v -0.275847 0.130538 0.400445
v -0.275847 0.118740 0.392562
v -0.275847 0.138421 0.412243
v -0.279105 0.115443 0.430559
v -0.279105 0.116318 0.426160
v -0.279105 0.112951 0.434289
v -0.279105 0.109222 0.436781
v -0.279105 0.104823 0.437656
v -0.279105 0.100424 0.436781
v -0.279105 0.096695 0.434289
v -0.279105 0.094203 0.430559
v -0.279105 0.093328 0.426160
v -0.279105 0.094203 0.421761
v -0.279105 0.096695 0.418032
v -0.279105 0.100424 0.415540
v -0.279105 0.104823 0.414665
v -0.279105 0.109222 0.415540
v -0.279105 0.112951 0.418032
v -0.279105 0.115443 0.421761
v -0.214209 0.165164 0.426160
v -0.223757 0.208950 0.426160
v -0.214209 0.160570 0.449252
v -0.223757 0.201023 0.466008
v -0.214209 0.147490 0.468827
v -0.223757 0.178452 0.499789
v -0.214209 0.127914 0.481908
v -0.223757 0.144671 0.522360
v -0.214209 0.104823 0.486501
v -0.223757 0.104823 0.530287
v -0.214209 0.081732 0.481908
v -0.223757 0.064976 0.522360
v -0.214209 0.062156 0.468827
v -0.223757 0.031195 0.499789
v -0.214209 0.049076 0.449252
v -0.223757 0.008623 0.466008
v -0.214209 0.044482 0.426160
v -0.223757 0.000696 0.426160
v -0.214209 0.049076 0.403069
v -0.223757 0.008623 0.386313
v -0.214209 0.062156 0.383493
v -0.223757 0.031194 0.352532
v -0.214209 0.081732 0.370413
v -0.223757 0.064975 0.329960
v -0.214209 0.104823 0.365820
v -0.223757 0.104823 0.322034
v -0.214209 0.127914 0.370413
v -0.223757 0.144671 0.329960
v -0.214209 0.147490 0.383493
v -0.223757 0.178451 0.352532
v -0.214209 0.160570 0.403069
v -0.223757 0.201023 0.386313
v -0.298108 0.193494 0.462889
v -0.288561 0.201023 0.466008
v -0.288561 0.208950 0.426160
v -0.298109 0.200800 0.426160
v -0.298108 0.172689 0.494027
v -0.288561 0.178452 0.499789
v -0.298108 0.141552 0.514832
v -0.288561 0.144671 0.522360
v -0.298108 0.104823 0.522138
v -0.288561 0.104823 0.530287
v -0.298108 0.068094 0.514832
v -0.288561 0.064976 0.522360
v -0.298108 0.036957 0.494027
v -0.288561 0.031195 0.499789
v -0.298108 0.016151 0.462890
v -0.288561 0.008623 0.466008
v -0.298109 0.008846 0.426160
v -0.288561 0.000696 0.426160
v -0.298109 0.016151 0.389431
v -0.288561 0.008623 0.386313
v -0.298109 0.036957 0.358294
v -0.288561 0.031194 0.352532
v -0.298109 0.068094 0.337489
v -0.288561 0.064975 0.329960
v -0.298109 0.104823 0.330183
v -0.288561 0.104823 0.322034
v -0.298109 0.141552 0.337489
v -0.288561 0.144671 0.329960
v -0.298109 0.172689 0.358294
v -0.288561 0.178451 0.352532
v -0.298109 0.193494 0.389431
v -0.288561 0.201023 0.386313
v -0.214209 0.193494 0.462889
v -0.214209 0.200800 0.426160
v -0.214209 0.172689 0.494027
v -0.214209 0.141552 0.514832
v -0.214209 0.104823 0.522138
v -0.214209 0.068094 0.514832
v -0.214209 0.036957 0.494027
v -0.214209 0.016151 0.462889
v -0.214209 0.008846 0.426160
v -0.214209 0.016151 0.389431
v -0.214209 0.036957 0.358294
v -0.214209 0.068094 0.337489
v -0.214209 0.104823 0.330183
v -0.214209 0.141552 0.337489
v -0.214209 0.172689 0.358294
v -0.214209 0.193494 0.389431
v -0.230976 0.160570 0.449252
v -0.230976 0.165164 0.426160
v -0.230976 0.147490 0.468827
v -0.230976 0.127914 0.481908
v -0.230976 0.104823 0.486501
v -0.230976 0.081732 0.481908
v -0.230976 0.062156 0.468827
v -0.230976 0.049076 0.449252
v -0.230976 0.044482 0.426160
v -0.230976 0.049076 0.403069
v -0.230976 0.062156 0.383493
v -0.230976 0.081732 0.370413
v -0.230976 0.104823 0.365820
v -0.230976 0.127914 0.370413
v -0.230976 0.147490 0.383493
v -0.230976 0.160570 0.403069
vn -0.0000 0.9808 -0.1951
vn -0.0000 0.5556 0.8315
vn -0.0000 0.1951 0.9808
vn -0.0000 -0.1951 0.9808
vn -0.0000 -0.5556 0.8315
vn -0.0000 -0.8315 0.5556
vn -0.0000 -0.9808 0.1951
vn -0.0000 -0.9808 -0.1951
vn -0.0000 -0.8315 -0.5556
vn -0.0000 -0.5556 -0.8315
vn -0.0000 -0.1951 -0.9808
vn -0.0000 0.1951 -0.9808
vn -0.0000 0.5556 -0.8315
vn -0.0000 0.8315 -0.5556
vn -0.0000 0.8315 0.5556
vn -1.0000 -0.0000 -0.0000
vn -0.0000 0.9808 0.1951
vn -0.0000 0.5556 -0.8314
vn -0.0000 -0.9239 0.3827
vn -0.0000 0.9239 -0.3827
vn -0.0000 -0.9239 -0.3827
vn -0.0000 0.9239 0.3827
vn -0.0000 0.3827 0.9239
vn -0.0000 -0.3827 -0.9239
vn -0.0000 -0.3827 0.9239
vn -0.0000 0.3827 -0.9239
vn -0.0000 -0.5556 0.8314
vn -0.0000 -0.5556 -0.8314
vn -0.0000 0.5556 0.8314
vn -0.0000 -0.1950 -0.9808
vn -0.0000 0.1950 -0.9808
vn 0.6419 0.7521 0.1496
vn -0.6419 0.7521 0.1496
vn 0.6419 0.6376 0.4260
vn -0.6419 0.6376 0.4260
vn 0.6419 0.4260 0.6376
vn -0.6419 0.4260 0.6376
vn 0.6419 0.1496 0.7521
vn -0.6419 0.1496 0.7521
vn 0.6419 -0.1496 0.7521
vn -0.6419 -0.1496 0.7521
vn 0.6419 -0.4260 0.6376
vn -0.6419 -0.4260 0.6376
vn 0.6419 -0.6376 0.4260
vn -0.6419 -0.6376 0.4260
vn 0.6419 -0.7521 0.1496
vn -0.6419 -0.7521 0.1496
vn 0.6419 -0.7521 -0.1496
vn -0.6419 -0.7521 -0.1496
vn 0.6419 -0.6376 -0.4260
vn -0.6419 -0.6376 -0.4260
vn 0.6419 -0.4260 -0.6376
vn -0.6419 -0.4260 -0.6376
vn 0.6419 -0.1496 -0.7521
vn -0.6419 -0.1496 -0.7521
vn 0.6419 0.1496 -0.7521
vn -0.6419 0.1496 -0.7521
vn 0.6419 0.4260 -0.6376
vn -0.6419 0.4260 -0.6376
vn 0.6419 0.6376 -0.4260
vn -0.6419 0.6376 -0.4260
vn 0.6419 0.7521 -0.1496
vn -0.6419 0.7521 -0.1496
vn 1.0000 -0.0000 -0.0000
vt 0.051732 0.960589
vt 0.150151 0.966020
vt 0.189043 0.967571
s 1
usemtl Material.001
f 1337/623/1071 1369/623/1071 1340/623/1071 1307/623/1071
f 1311/623/1072 1343/623/1072 1345/623/1072 1313/623/1072
f 1313/623/1073 1345/623/1073 1347/623/1073 1315/623/1073
f 1315/623/1074 1347/623/1074 1349/623/1074 1317/623/1074
f 1317/623/1075 1349/623/1075 1351/623/1075 1319/623/1075
f 1319/623/1076 1351/623/1076 1353/623/1076 1321/623/1076
f 1321/623/1077 1353/623/1077 1355/623/1077 1323/623/1077
f 1323/623/1078 1355/623/1078 1357/623/1078 1325/623/1078
f 1325/623/1079 1357/623/1079 1359/623/1079 1327/623/1079
f 1327/623/1080 1359/623/1080 1361/623/1080 1329/623/1080
f 1329/623/1081 1361/623/1081 1363/623/1081 1331/623/1081
f 1331/623/1082 1363/623/1082 1365/623/1082 1333/623/1082
f 1333/623/1083 1365/623/1083 1367/623/1083 1335/623/1083
f 1335/623/1084 1367/623/1084 1369/623/1084 1337/623/1084
f 1212/623/1085 1211/623/1085 1243/623/1085 1244/623/1085
f 1202/623/1086 1203/623/1086 1338/623/1086 1341/623/1086
f 1309/623/1085 1339/623/1085 1343/623/1085 1311/623/1085
f 1307/623/1087 1340/623/1087 1339/623/1087 1309/623/1087
f 1203/623/1086 1204/623/1086 1342/623/1086 1338/623/1086
f 1217/623/1086 1202/623/1086 1341/623/1086 1368/623/1086
f 1205/623/1086 1206/623/1086 1346/623/1086 1344/623/1086
f 1206/623/1086 1207/623/1086 1348/623/1086 1346/623/1086
f 1207/623/1086 1208/623/1086 1350/623/1086 1348/623/1086
f 1208/623/1086 1209/623/1086 1352/623/1086 1350/623/1086
f 1209/623/1086 1210/623/1086 1354/623/1086 1352/623/1086
f 1210/623/1086 1211/623/1086 1356/623/1086 1354/623/1086
f 1211/623/1086 1212/623/1086 1358/623/1086 1356/623/1086
f 1212/623/1086 1213/623/1086 1360/623/1086 1358/623/1086
f 1213/623/1086 1214/623/1086 1362/623/1086 1360/623/1086
f 1214/623/1086 1215/623/1086 1364/623/1086 1362/623/1086
f 1215/623/1086 1216/623/1086 1366/623/1086 1364/623/1086
f 1216/623/1086 1217/623/1086 1368/623/1086 1366/623/1086
f 1204/623/1086 1205/623/1086 1344/623/1086 1342/623/1086
f 1224/624/1088 1223/624/1088 1295/624/1088 1296/624/1088
f 1205/623/1080 1204/623/1080 1236/623/1080 1237/623/1080
f 1213/623/1072 1212/623/1072 1244/623/1072 1245/623/1072
f 1206/623/1081 1205/623/1081 1237/623/1081 1238/623/1081
f 1214/623/1073 1213/623/1073 1245/623/1073 1246/623/1073
f 1207/623/1082 1206/623/1082 1238/623/1082 1239/623/1082
f 1215/623/1074 1214/623/1074 1246/623/1074 1247/623/1074
f 1208/623/1083 1207/623/1083 1239/623/1083 1240/623/1083
f 1216/623/1075 1215/623/1075 1247/623/1075 1248/623/1075
f 1209/623/1084 1208/623/1084 1240/623/1084 1241/623/1084
f 1217/623/1076 1216/623/1076 1248/623/1076 1249/623/1076
f 1210/623/1071 1209/623/1071 1241/623/1071 1242/623/1071
f 1203/623/1078 1202/623/1078 1235/623/1078 1234/623/1078
f 1202/623/1077 1217/623/1077 1249/623/1077 1235/623/1077
f 1211/623/1087 1210/623/1087 1242/623/1087 1243/623/1087
f 1204/623/1079 1203/623/1079 1234/623/1079 1236/623/1079
f 1251/624/1086 1250/624/1086 1234/624/1086 1235/624/1086
f 1236/623/1079 1234/623/1079 1267/623/1079 1266/623/1079
f 1263/624/1083 1264/624/1083 1287/624/1083 1288/624/1083
f 1253/624/1086 1254/624/1086 1238/624/1086 1237/624/1086
f 1254/624/1086 1255/624/1086 1239/624/1086 1238/624/1086
f 1255/624/1075 1256/624/1075 1281/624/1075 1282/624/1075
f 1261/624/1089 1245/624/1089 1274/624/1089 1286/624/1089
f 1257/624/1086 1258/624/1086 1242/624/1086 1241/624/1086
f 1258/624/1086 1259/624/1086 1243/624/1086 1242/624/1086
f 1249/623/1076 1248/623/1076 1275/623/1076 1277/623/1076
f 1253/624/1090 1237/624/1090 1268/624/1090 1280/624/1090
f 1261/624/1086 1262/624/1086 1246/624/1086 1245/624/1086
f 1262/624/1086 1263/624/1086 1247/624/1086 1246/624/1086
f 1241/623/1084 1240/623/1084 1269/623/1084 1271/623/1084
f 1248/623/1075 1247/623/1075 1276/623/1075 1275/623/1075
f 1265/624/1086 1251/624/1086 1235/624/1086 1249/624/1086
f 1219/624/1086 1218/624/1086 1250/624/1086 1251/624/1086
f 1218/624/1086 1220/624/1086 1252/624/1086 1250/624/1086
f 1220/624/1086 1221/624/1086 1253/624/1086 1252/624/1086
f 1221/624/1086 1222/624/1086 1254/624/1086 1253/624/1086
f 1222/624/1086 1223/624/1086 1255/624/1086 1254/624/1086
f 1223/624/1086 1224/624/1086 1256/624/1086 1255/624/1086
f 1224/624/1086 1225/624/1086 1257/624/1086 1256/624/1086
f 1225/624/1086 1226/624/1086 1258/624/1086 1257/624/1086
f 1226/624/1086 1227/624/1086 1259/624/1086 1258/624/1086
f 1227/624/1086 1228/624/1086 1260/624/1086 1259/624/1086
f 1228/624/1086 1229/624/1086 1261/624/1086 1260/624/1086
f 1229/624/1086 1230/624/1086 1262/624/1086 1261/624/1086
f 1230/624/1086 1231/624/1086 1263/624/1086 1262/624/1086
f 1231/624/1086 1232/624/1086 1264/624/1086 1263/624/1086
f 1232/624/1086 1233/624/1086 1265/624/1086 1264/624/1086
f 1233/624/1086 1219/624/1086 1251/624/1086 1265/624/1086
f 1279/625/1086 1278/625/1086 1266/625/1086 1267/625/1086
f 1278/625/1086 1280/625/1086 1268/625/1086 1266/625/1086
f 1282/625/1086 1281/625/1086 1269/625/1086 1270/625/1086
f 1281/625/1086 1283/625/1086 1271/625/1086 1269/625/1086
f 1285/625/1086 1284/625/1086 1272/625/1086 1273/625/1086
f 1284/625/1086 1286/625/1086 1274/625/1086 1272/625/1086
f 1288/625/1086 1287/625/1086 1275/625/1086 1276/625/1086
f 1287/625/1086 1289/625/1086 1277/625/1086 1275/625/1086
f 1256/624/1076 1257/624/1076 1283/624/1076 1281/624/1076
f 1239/624/1091 1255/624/1091 1282/624/1091 1270/624/1091
f 1264/624/1084 1265/624/1084 1289/624/1084 1287/624/1084
f 1244/623/1085 1243/623/1085 1273/623/1085 1272/623/1085
f 1247/624/1092 1263/624/1092 1288/624/1092 1276/624/1092
f 1237/623/1080 1236/623/1080 1266/623/1080 1268/623/1080
f 1245/623/1072 1244/623/1072 1272/623/1072 1274/623/1072
f 1257/624/1093 1241/624/1093 1271/624/1093 1283/624/1093
f 1250/624/1085 1252/624/1085 1278/624/1085 1279/624/1085
f 1265/624/1094 1249/624/1094 1277/624/1094 1289/624/1094
f 1259/624/1079 1260/624/1079 1284/624/1079 1285/624/1079
f 1252/624/1072 1253/624/1072 1280/624/1072 1278/624/1072
f 1234/624/1095 1250/624/1095 1279/624/1095 1267/624/1095
f 1260/624/1080 1261/624/1080 1286/624/1080 1284/624/1080
f 1240/623/1083 1239/623/1083 1270/623/1083 1269/623/1083
f 1243/624/1096 1259/624/1096 1285/624/1096 1273/624/1096
f 1290/624/1086 1291/624/1086 1305/624/1086 1304/624/1086 1303/624/1086 1302/624/1086 1301/624/1086 1300/624/1086 1299/624/1086 1298/624/1086 1297/624/1086 1296/624/1086 1295/624/1086 1294/624/1086 1293/624/1086 1292/624/1086
f 1232/624/1097 1231/624/1097 1303/624/1097 1304/624/1097
f 1225/624/1084 1224/624/1084 1296/624/1084 1297/624/1084
f 1233/624/1076 1232/624/1076 1304/624/1076 1305/624/1076
f 1226/624/1071 1225/624/1071 1297/624/1071 1298/624/1071
f 1218/624/1078 1219/624/1078 1291/624/1078 1290/624/1078
f 1219/624/1077 1233/624/1077 1305/624/1077 1291/624/1077
f 1227/624/1087 1226/624/1087 1298/624/1087 1299/624/1087
f 1220/624/1079 1218/624/1079 1290/624/1079 1292/624/1079
f 1228/624/1085 1227/624/1085 1299/624/1085 1300/624/1085
f 1221/624/1098 1220/624/1098 1292/624/1098 1293/624/1098
f 1229/624/1099 1228/624/1099 1300/624/1099 1301/624/1099
f 1222/624/1100 1221/624/1100 1293/624/1100 1294/624/1100
f 1230/624/1073 1229/624/1073 1301/624/1073 1302/624/1073
f 1223/624/1101 1222/624/1101 1294/624/1101 1295/624/1101
f 1231/624/1074 1230/624/1074 1302/624/1074 1303/624/1074
f 1307/623/1102 1309/623/1102 1370/623/1102 1371/623/1102
f 1339/623/1103 1340/623/1103 1341/623/1103 1338/623/1103
f 1309/623/1104 1311/623/1104 1372/623/1104 1370/623/1104
f 1343/623/1105 1339/623/1105 1338/623/1105 1342/623/1105
f 1311/623/1106 1313/623/1106 1373/623/1106 1372/623/1106
f 1345/623/1107 1343/623/1107 1342/623/1107 1344/623/1107
f 1313/623/1108 1315/623/1108 1374/623/1108 1373/623/1108
f 1347/623/1109 1345/623/1109 1344/623/1109 1346/623/1109
f 1315/623/1110 1317/623/1110 1375/623/1110 1374/623/1110
f 1349/623/1111 1347/623/1111 1346/623/1111 1348/623/1111
f 1317/623/1112 1319/623/1112 1376/623/1112 1375/623/1112
f 1351/623/1113 1349/623/1113 1348/623/1113 1350/623/1113
f 1319/623/1114 1321/623/1114 1377/623/1114 1376/623/1114
f 1353/623/1115 1351/623/1115 1350/623/1115 1352/623/1115
f 1321/623/1116 1323/623/1116 1378/623/1116 1377/623/1116
f 1355/623/1117 1353/623/1117 1352/623/1117 1354/623/1117
f 1323/623/1118 1325/623/1118 1379/623/1118 1378/623/1118
f 1357/623/1119 1355/623/1119 1354/623/1119 1356/623/1119
f 1325/623/1120 1327/623/1120 1380/623/1120 1379/623/1120
f 1359/623/1121 1357/623/1121 1356/623/1121 1358/623/1121
f 1327/623/1122 1329/623/1122 1381/623/1122 1380/623/1122
f 1361/623/1123 1359/623/1123 1358/623/1123 1360/623/1123
f 1329/623/1124 1331/623/1124 1382/623/1124 1381/623/1124
f 1363/623/1125 1361/623/1125 1360/623/1125 1362/623/1125
f 1331/623/1126 1333/623/1126 1383/623/1126 1382/623/1126
f 1365/623/1127 1363/623/1127 1362/623/1127 1364/623/1127
f 1333/623/1128 1335/623/1128 1384/623/1128 1383/623/1128
f 1367/623/1129 1365/623/1129 1364/623/1129 1366/623/1129
f 1335/623/1130 1337/623/1130 1385/623/1130 1384/623/1130
f 1369/623/1131 1367/623/1131 1366/623/1131 1368/623/1131
f 1337/623/1132 1307/623/1132 1371/623/1132 1385/623/1132
f 1340/623/1133 1369/623/1133 1368/623/1133 1341/623/1133
f 1322/623/1087 1324/623/1087 1395/623/1087 1394/623/1087
f 1308/623/1134 1306/623/1134 1371/623/1134 1370/623/1134
f 1310/623/1134 1308/623/1134 1370/623/1134 1372/623/1134
f 1312/623/1134 1310/623/1134 1372/623/1134 1373/623/1134
f 1314/623/1134 1312/623/1134 1373/623/1134 1374/623/1134
f 1316/623/1134 1314/623/1134 1374/623/1134 1375/623/1134
f 1318/623/1134 1316/623/1134 1375/623/1134 1376/623/1134
f 1320/623/1134 1318/623/1134 1376/623/1134 1377/623/1134
f 1322/623/1134 1320/623/1134 1377/623/1134 1378/623/1134
f 1324/623/1134 1322/623/1134 1378/623/1134 1379/623/1134
f 1326/623/1134 1324/623/1134 1379/623/1134 1380/623/1134
f 1328/623/1134 1326/623/1134 1380/623/1134 1381/623/1134
f 1330/623/1134 1328/623/1134 1381/623/1134 1382/623/1134
f 1332/623/1134 1330/623/1134 1382/623/1134 1383/623/1134
f 1334/623/1134 1332/623/1134 1383/623/1134 1384/623/1134
f 1336/623/1134 1334/623/1134 1384/623/1134 1385/623/1134
f 1306/623/1134 1336/623/1134 1385/623/1134 1371/623/1134
f 1387/623/1134 1386/623/1134 1388/623/1134 1389/623/1134 1390/623/1134 1391/623/1134 1392/623/1134 1393/623/1134 1394/623/1134 1395/623/1134 1396/623/1134 1397/623/1134 1398/623/1134 1399/623/1134 1400/623/1134 1401/623/1134
f 1308/623/1079 1310/623/1079 1388/623/1079 1386/623/1079
f 1324/623/1085 1326/623/1085 1396/623/1085 1395/623/1085
f 1310/623/1080 1312/623/1080 1389/623/1080 1388/623/1080
f 1326/623/1072 1328/623/1072 1397/623/1072 1396/623/1072
f 1312/623/1081 1314/623/1081 1390/623/1081 1389/623/1081
f 1328/623/1073 1330/623/1073 1398/623/1073 1397/623/1073
f 1314/623/1082 1316/623/1082 1391/623/1082 1390/623/1082
f 1330/623/1074 1332/623/1074 1399/623/1074 1398/623/1074
f 1316/623/1083 1318/623/1083 1392/623/1083 1391/623/1083
f 1332/623/1075 1334/623/1075 1400/623/1075 1399/623/1075
f 1318/623/1084 1320/623/1084 1393/623/1084 1392/623/1084
f 1334/623/1076 1336/623/1076 1401/623/1076 1400/623/1076
f 1320/623/1071 1322/623/1071 1394/623/1071 1393/623/1071
f 1306/623/1078 1308/623/1078 1386/623/1078 1387/623/1078
f 1336/623/1077 1306/623/1077 1387/623/1077 1401/623/1077
o RearLeftTire
v 0.286476 0.172197 -0.423667
v 0.286476 0.167069 -0.449450
v 0.286476 0.152464 -0.471308
v 0.286476 0.130606 -0.485913
v 0.286476 0.104823 -0.491042
v 0.286476 0.079039 -0.485913
v 0.286476 0.057182 -0.471308
v 0.286476 0.042577 -0.449450
v 0.286476 0.037449 -0.423667
v 0.286476 0.042577 -0.397884
v 0.286476 0.057182 -0.376026
v 0.286476 0.079040 -0.361421
v 0.286476 0.104823 -0.356293
v 0.286476 0.130606 -0.361421
v 0.286476 0.152464 -0.376026
v 0.286476 0.167069 -0.397884
v 0.274661 0.115443 -0.428066
v 0.274661 0.116318 -0.423667
v 0.274661 0.112951 -0.431796
v 0.274661 0.109222 -0.434288
v 0.274661 0.104823 -0.435163
v 0.274661 0.100424 -0.434288
v 0.274661 0.096694 -0.431796
v 0.274661 0.094202 -0.428066
v 0.274661 0.093327 -0.423667
v 0.274661 0.094202 -0.419268
v 0.274661 0.096694 -0.415538
v 0.274661 0.100424 -0.413046
v 0.274661 0.104823 -0.412172
v 0.274661 0.109222 -0.413046
v 0.274661 0.112951 -0.415538
v 0.274661 0.115443 -0.419268
v 0.274661 0.167069 -0.449450
v 0.274661 0.172197 -0.423667
v 0.274661 0.152464 -0.471308
v 0.274661 0.130606 -0.485913
v 0.274661 0.104823 -0.491042
v 0.274661 0.079039 -0.485913
v 0.274661 0.057182 -0.471308
v 0.274661 0.042577 -0.449450
v 0.274661 0.037449 -0.423667
v 0.274661 0.042577 -0.397884
v 0.274661 0.057182 -0.376026
v 0.274661 0.079040 -0.361421
v 0.274661 0.104823 -0.356293
v 0.274661 0.130606 -0.361421
v 0.274661 0.152464 -0.376026
v 0.274661 0.167069 -0.397884
v 0.274661 0.138421 -0.437584
v 0.274661 0.141190 -0.423667
v 0.274661 0.130538 -0.449382
v 0.274661 0.118740 -0.457266
v 0.274661 0.104823 -0.460034
v 0.274661 0.090906 -0.457266
v 0.274661 0.079108 -0.449382
v 0.274661 0.071225 -0.437584
v 0.274661 0.068456 -0.423667
v 0.274661 0.071225 -0.409750
v 0.274661 0.079108 -0.397952
v 0.274661 0.090906 -0.390069
v 0.274661 0.104823 -0.387301
v 0.274661 0.118740 -0.390069
v 0.274661 0.130538 -0.397952
v 0.274661 0.138421 -0.409750
v 0.264215 0.152464 -0.471308
v 0.264215 0.167069 -0.449450
v 0.264215 0.130606 -0.485913
v 0.264215 0.057182 -0.471308
v 0.264215 0.079039 -0.485913
v 0.264215 0.042577 -0.449450
v 0.264215 0.057182 -0.376026
v 0.264215 0.042577 -0.397884
v 0.264215 0.079040 -0.361421
v 0.264215 0.152464 -0.376026
v 0.264215 0.130606 -0.361421
v 0.264215 0.167069 -0.397884
v 0.264215 0.130538 -0.449382
v 0.264215 0.138421 -0.437584
v 0.264215 0.118740 -0.457266
v 0.264215 0.079108 -0.449382
v 0.264215 0.090906 -0.457266
v 0.264215 0.071225 -0.437584
v 0.264215 0.079108 -0.397952
v 0.264215 0.071225 -0.409750
v 0.264215 0.090906 -0.390069
v 0.264215 0.130538 -0.397952
v 0.264215 0.118740 -0.390069
v 0.264215 0.138421 -0.409750
v 0.267473 0.115443 -0.428066
v 0.267473 0.116318 -0.423667
v 0.267473 0.112951 -0.431796
v 0.267473 0.109222 -0.434288
v 0.267473 0.104823 -0.435163
v 0.267473 0.100424 -0.434288
v 0.267473 0.096694 -0.431796
v 0.267473 0.094202 -0.428066
v 0.267473 0.093327 -0.423667
v 0.267473 0.094202 -0.419268
v 0.267473 0.096694 -0.415538
v 0.267473 0.100424 -0.413046
v 0.267473 0.104823 -0.412172
v 0.267473 0.109222 -0.413046
v 0.267473 0.112951 -0.415538
v 0.267473 0.115443 -0.419268
v 0.202577 0.165163 -0.423667
v 0.212125 0.208949 -0.423667
v 0.202577 0.160570 -0.446759
v 0.212125 0.201023 -0.463515
v 0.202577 0.147490 -0.466335
v 0.212125 0.178451 -0.497296
v 0.202577 0.127914 -0.479415
v 0.212125 0.144670 -0.519867
v 0.202577 0.104823 -0.484008
v 0.212125 0.104823 -0.527793
v 0.202577 0.081731 -0.479415
v 0.212125 0.064975 -0.519867
v 0.202577 0.062156 -0.466335
v 0.212125 0.031194 -0.497296
v 0.202577 0.049075 -0.446759
v 0.212125 0.008623 -0.463515
v 0.202577 0.044482 -0.423667
v 0.212125 0.000696 -0.423667
v 0.202577 0.049075 -0.400576
v 0.212125 0.008623 -0.383820
v 0.202577 0.062156 -0.381000
v 0.212125 0.031194 -0.350039
v 0.202577 0.081732 -0.367919
v 0.212125 0.064975 -0.327467
v 0.202577 0.104823 -0.363327
v 0.212125 0.104823 -0.319541
v 0.202577 0.127914 -0.367919
v 0.212125 0.144670 -0.327467
v 0.202577 0.147490 -0.381000
v 0.212125 0.178451 -0.350039
v 0.202577 0.160570 -0.400576
v 0.212125 0.201023 -0.383820
v 0.286476 0.193494 -0.460396
v 0.276928 0.201023 -0.463515
v 0.276928 0.208949 -0.423667
v 0.286476 0.200800 -0.423667
v 0.286476 0.172689 -0.491533
v 0.276928 0.178451 -0.497296
v 0.286476 0.141552 -0.512338
v 0.276928 0.144670 -0.519867
v 0.286476 0.104823 -0.519645
v 0.276928 0.104823 -0.527793
v 0.286476 0.068094 -0.512338
v 0.276928 0.064975 -0.519867
v 0.286476 0.036956 -0.491533
v 0.276928 0.031194 -0.497296
v 0.286476 0.016151 -0.460396
v 0.276928 0.008623 -0.463515
v 0.286476 0.008846 -0.423667
v 0.276928 0.000696 -0.423667
v 0.286476 0.016151 -0.386938
v 0.276928 0.008623 -0.383820
v 0.286476 0.036956 -0.355801
v 0.276928 0.031194 -0.350039
v 0.286476 0.068094 -0.334996
v 0.276928 0.064975 -0.327467
v 0.286476 0.104823 -0.327690
v 0.276928 0.104823 -0.319541
v 0.286476 0.141552 -0.334996
v 0.276928 0.144670 -0.327467
v 0.286476 0.172689 -0.355801
v 0.276928 0.178451 -0.350039
v 0.286476 0.193494 -0.386938
v 0.276928 0.201023 -0.383820
v 0.202577 0.193494 -0.460396
v 0.202577 0.200800 -0.423667
v 0.202577 0.172689 -0.491533
v 0.202577 0.141552 -0.512338
v 0.202577 0.104823 -0.519645
v 0.202577 0.068094 -0.512338
v 0.202577 0.036956 -0.491533
v 0.202577 0.016151 -0.460396
v 0.202577 0.008846 -0.423667
v 0.202577 0.016151 -0.386938
v 0.202577 0.036956 -0.355801
v 0.202577 0.068094 -0.334996
v 0.202577 0.104823 -0.327690
v 0.202577 0.141552 -0.334996
v 0.202577 0.172689 -0.355801
v 0.202577 0.193494 -0.386938
v 0.219343 0.160570 -0.446759
v 0.219343 0.165163 -0.423667
v 0.219343 0.147490 -0.466335
v 0.219343 0.127914 -0.479415
v 0.219343 0.104823 -0.484008
v 0.219343 0.081731 -0.479415
v 0.219343 0.062156 -0.466335
v 0.219343 0.049075 -0.446759
v 0.219343 0.044482 -0.423667
v 0.219343 0.049075 -0.400576
v 0.219343 0.062156 -0.381000
v 0.219343 0.081732 -0.367919
v 0.219343 0.104823 -0.363327
v 0.219343 0.127914 -0.367919
v 0.219343 0.147490 -0.381000
v 0.219343 0.160570 -0.400576
vn -0.0000 0.9808 0.1951
vn -0.0000 0.5556 -0.8315
vn -0.0000 0.1951 -0.9808
vn -0.0000 -0.1951 -0.9808
vn -0.0000 -0.5556 -0.8315
vn -0.0000 -0.8315 -0.5556
vn -0.0000 -0.9808 -0.1951
vn -0.0000 -0.9808 0.1951
vn -0.0000 -0.8315 0.5556
vn -0.0000 -0.5556 0.8315
vn -0.0000 -0.1951 0.9808
vn -0.0000 0.1951 0.9808
vn -0.0000 0.5556 0.8315
vn -0.0000 0.8315 0.5556
vn -0.0000 0.8315 -0.5556
vn 1.0000 -0.0000 -0.0000
vn -0.0000 0.9808 -0.1951
vn -0.0000 -0.9239 -0.3827
vn -0.0000 0.9239 0.3827
vn -0.0000 -0.9239 0.3827
vn -0.0000 0.9239 -0.3827
vn -0.0000 0.3827 -0.9239
vn -0.0000 -0.3827 0.9239
vn -0.0000 -0.3827 -0.9239
vn -0.0000 0.3827 0.9239
vn -0.0000 0.8315 0.5555
vn -0.0000 0.9808 0.1952
vn -0.0000 0.9808 -0.1952
vn -0.0000 0.8315 -0.5555
vn -0.0000 -0.5556 0.8314
vn -0.0000 -0.1950 0.9808
vn -0.0000 0.1950 0.9808
vn -0.6419 0.7521 -0.1496
vn 0.6419 0.7521 -0.1496
vn -0.6419 0.6376 -0.4260
vn 0.6419 0.6376 -0.4260
vn -0.6419 0.4260 -0.6376
vn 0.6419 0.4260 -0.6376
vn -0.6419 0.1496 -0.7521
vn 0.6419 0.1496 -0.7521
vn -0.6419 -0.1496 -0.7521
vn 0.6419 -0.1496 -0.7521
vn -0.6419 -0.4260 -0.6376
vn 0.6419 -0.4260 -0.6376
vn -0.6419 -0.6376 -0.4260
vn 0.6419 -0.6376 -0.4260
vn -0.6419 -0.7521 -0.1496
vn 0.6419 -0.7521 -0.1496
vn -0.6419 -0.7521 0.1496
vn 0.6419 -0.7521 0.1496
vn -0.6419 -0.6376 0.4260
vn 0.6419 -0.6376 0.4260
vn -0.6419 -0.4260 0.6376
vn 0.6419 -0.4260 0.6376
vn -0.6419 -0.1496 0.7521
vn 0.6419 -0.1496 0.7521
vn -0.6419 0.1496 0.7521
vn 0.6419 0.1496 0.7521
vn -0.6419 0.4260 0.6376
vn 0.6419 0.4260 0.6376
vn -0.6419 0.6376 0.4260
vn 0.6419 0.6376 0.4260
vn -0.6419 0.7521 0.1496
vn 0.6419 0.7521 0.1496
vn -1.0000 -0.0000 -0.0000
vt 0.051732 0.960589
vt 0.150151 0.966020
vt 0.189043 0.967571
s 1
usemtl Material.001
f 1537/626/1135 1569/626/1135 1540/626/1135 1507/626/1135
f 1511/626/1136 1543/626/1136 1545/626/1136 1513/626/1136
f 1513/626/1137 1545/626/1137 1547/626/1137 1515/626/1137
f 1515/626/1138 1547/626/1138 1549/626/1138 1517/626/1138
f 1517/626/1139 1549/626/1139 1551/626/1139 1519/626/1139
f 1519/626/1140 1551/626/1140 1553/626/1140 1521/626/1140
f 1521/626/1141 1553/626/1141 1555/626/1141 1523/626/1141
f 1523/626/1142 1555/626/1142 1557/626/1142 1525/626/1142
f 1525/626/1143 1557/626/1143 1559/626/1143 1527/626/1143
f 1527/626/1144 1559/626/1144 1561/626/1144 1529/626/1144
f 1529/626/1145 1561/626/1145 1563/626/1145 1531/626/1145
f 1531/626/1146 1563/626/1146 1565/626/1146 1533/626/1146
f 1533/626/1147 1565/626/1147 1567/626/1147 1535/626/1147
f 1535/626/1148 1567/626/1148 1569/626/1148 1537/626/1148
f 1412/626/1149 1411/626/1149 1443/626/1149 1444/626/1149
f 1402/626/1150 1403/626/1150 1538/626/1150 1541/626/1150
f 1509/626/1149 1539/626/1149 1543/626/1149 1511/626/1149
f 1507/626/1151 1540/626/1151 1539/626/1151 1509/626/1151
f 1403/626/1150 1404/626/1150 1542/626/1150 1538/626/1150
f 1417/626/1150 1402/626/1150 1541/626/1150 1568/626/1150
f 1405/626/1150 1406/626/1150 1546/626/1150 1544/626/1150
f 1406/626/1150 1407/626/1150 1548/626/1150 1546/626/1150
f 1407/626/1150 1408/626/1150 1550/626/1150 1548/626/1150
f 1408/626/1150 1409/626/1150 1552/626/1150 1550/626/1150
f 1409/626/1150 1410/626/1150 1554/626/1150 1552/626/1150
f 1410/626/1150 1411/626/1150 1556/626/1150 1554/626/1150
f 1411/626/1150 1412/626/1150 1558/626/1150 1556/626/1150
f 1412/626/1150 1413/626/1150 1560/626/1150 1558/626/1150
f 1413/626/1150 1414/626/1150 1562/626/1150 1560/626/1150
f 1414/626/1150 1415/626/1150 1564/626/1150 1562/626/1150
f 1415/626/1150 1416/626/1150 1566/626/1150 1564/626/1150
f 1416/626/1150 1417/626/1150 1568/626/1150 1566/626/1150
f 1404/626/1150 1405/626/1150 1544/626/1150 1542/626/1150
f 1424/627/1147 1423/627/1147 1495/627/1147 1496/627/1147
f 1405/626/1144 1404/626/1144 1436/626/1144 1437/626/1144
f 1413/626/1136 1412/626/1136 1444/626/1136 1445/626/1136
f 1406/626/1145 1405/626/1145 1437/626/1145 1438/626/1145
f 1414/626/1137 1413/626/1137 1445/626/1137 1446/626/1137
f 1407/626/1146 1406/626/1146 1438/626/1146 1439/626/1146
f 1415/626/1138 1414/626/1138 1446/626/1138 1447/626/1138
f 1408/626/1147 1407/626/1147 1439/626/1147 1440/626/1147
f 1416/626/1139 1415/626/1139 1447/626/1139 1448/626/1139
f 1409/626/1148 1408/626/1148 1440/626/1148 1441/626/1148
f 1417/626/1140 1416/626/1140 1448/626/1140 1449/626/1140
f 1410/626/1135 1409/626/1135 1441/626/1135 1442/626/1135
f 1403/626/1142 1402/626/1142 1435/626/1142 1434/626/1142
f 1402/626/1141 1417/626/1141 1449/626/1141 1435/626/1141
f 1411/626/1151 1410/626/1151 1442/626/1151 1443/626/1151
f 1404/626/1143 1403/626/1143 1434/626/1143 1436/626/1143
f 1451/627/1150 1450/627/1150 1434/627/1150 1435/627/1150
f 1436/626/1143 1434/626/1143 1467/626/1143 1466/626/1143
f 1463/627/1147 1464/627/1147 1487/627/1147 1488/627/1147
f 1453/627/1150 1454/627/1150 1438/627/1150 1437/627/1150
f 1454/627/1150 1455/627/1150 1439/627/1150 1438/627/1150
f 1455/627/1139 1456/627/1139 1481/627/1139 1482/627/1139
f 1461/627/1152 1445/627/1152 1474/627/1152 1486/627/1152
f 1457/627/1150 1458/627/1150 1442/627/1150 1441/627/1150
f 1458/627/1150 1459/627/1150 1443/627/1150 1442/627/1150
f 1449/626/1140 1448/626/1140 1475/626/1140 1477/626/1140
f 1453/627/1153 1437/627/1153 1468/627/1153 1480/627/1153
f 1461/627/1150 1462/627/1150 1446/627/1150 1445/627/1150
f 1462/627/1150 1463/627/1150 1447/627/1150 1446/627/1150
f 1441/626/1148 1440/626/1148 1469/626/1148 1471/626/1148
f 1448/626/1139 1447/626/1139 1476/626/1139 1475/626/1139
f 1465/627/1150 1451/627/1150 1435/627/1150 1449/627/1150
f 1419/627/1150 1418/627/1150 1450/627/1150 1451/627/1150
f 1418/627/1150 1420/627/1150 1452/627/1150 1450/627/1150
f 1420/627/1150 1421/627/1150 1453/627/1150 1452/627/1150
f 1421/627/1150 1422/627/1150 1454/627/1150 1453/627/1150
f 1422/627/1150 1423/627/1150 1455/627/1150 1454/627/1150
f 1423/627/1150 1424/627/1150 1456/627/1150 1455/627/1150
f 1424/627/1150 1425/627/1150 1457/627/1150 1456/627/1150
f 1425/627/1150 1426/627/1150 1458/627/1150 1457/627/1150
f 1426/627/1150 1427/627/1150 1459/627/1150 1458/627/1150
f 1427/627/1150 1428/627/1150 1460/627/1150 1459/627/1150
f 1428/627/1150 1429/627/1150 1461/627/1150 1460/627/1150
f 1429/627/1150 1430/627/1150 1462/627/1150 1461/627/1150
f 1430/627/1150 1431/627/1150 1463/627/1150 1462/627/1150
f 1431/627/1150 1432/627/1150 1464/627/1150 1463/627/1150
f 1432/627/1150 1433/627/1150 1465/627/1150 1464/627/1150
f 1433/627/1150 1419/627/1150 1451/627/1150 1465/627/1150
f 1479/628/1150 1478/628/1150 1466/628/1150 1467/628/1150
f 1478/628/1150 1480/628/1150 1468/628/1150 1466/628/1150
f 1482/628/1150 1481/628/1150 1469/628/1150 1470/628/1150
f 1481/628/1150 1483/628/1150 1471/628/1150 1469/628/1150
f 1485/628/1150 1484/628/1150 1472/628/1150 1473/628/1150
f 1484/628/1150 1486/628/1150 1474/628/1150 1472/628/1150
f 1488/628/1150 1487/628/1150 1475/628/1150 1476/628/1150
f 1487/628/1150 1489/628/1150 1477/628/1150 1475/628/1150
f 1456/627/1140 1457/627/1140 1483/627/1140 1481/627/1140
f 1439/627/1154 1455/627/1154 1482/627/1154 1470/627/1154
f 1464/627/1148 1465/627/1148 1489/627/1148 1487/627/1148
f 1444/626/1149 1443/626/1149 1473/626/1149 1472/626/1149
f 1447/627/1155 1463/627/1155 1488/627/1155 1476/627/1155
f 1437/626/1144 1436/626/1144 1466/626/1144 1468/626/1144
f 1445/626/1136 1444/626/1136 1472/626/1136 1474/626/1136
f 1457/627/1156 1441/627/1156 1471/627/1156 1483/627/1156
f 1450/627/1149 1452/627/1149 1478/627/1149 1479/627/1149
f 1465/627/1157 1449/627/1157 1477/627/1157 1489/627/1157
f 1459/627/1143 1460/627/1143 1484/627/1143 1485/627/1143
f 1452/627/1136 1453/627/1136 1480/627/1136 1478/627/1136
f 1434/627/1158 1450/627/1158 1479/627/1158 1467/627/1158
f 1460/627/1144 1461/627/1144 1486/627/1144 1484/627/1144
f 1440/626/1147 1439/626/1147 1470/626/1147 1469/626/1147
f 1443/627/1159 1459/627/1159 1485/627/1159 1473/627/1159
f 1490/627/1150 1491/627/1150 1505/627/1150 1504/627/1150 1503/627/1150 1502/627/1150 1501/627/1150 1500/627/1150 1499/627/1150 1498/627/1150 1497/627/1150 1496/627/1150 1495/627/1150 1494/627/1150 1493/627/1150 1492/627/1150
f 1432/627/1139 1431/627/1139 1503/627/1139 1504/627/1139
f 1425/627/1160 1424/627/1160 1496/627/1160 1497/627/1160
f 1433/627/1140 1432/627/1140 1504/627/1140 1505/627/1140
f 1426/627/1161 1425/627/1161 1497/627/1161 1498/627/1161
f 1418/627/1142 1419/627/1142 1491/627/1142 1490/627/1142
f 1419/627/1141 1433/627/1141 1505/627/1141 1491/627/1141
f 1427/627/1162 1426/627/1162 1498/627/1162 1499/627/1162
f 1420/627/1143 1418/627/1143 1490/627/1143 1492/627/1143
f 1428/627/1163 1427/627/1163 1499/627/1163 1500/627/1163
f 1421/627/1164 1420/627/1164 1492/627/1164 1493/627/1164
f 1429/627/1136 1428/627/1136 1500/627/1136 1501/627/1136
f 1422/627/1165 1421/627/1165 1493/627/1165 1494/627/1165
f 1430/627/1137 1429/627/1137 1501/627/1137 1502/627/1137
f 1423/627/1166 1422/627/1166 1494/627/1166 1495/627/1166
f 1431/627/1138 1430/627/1138 1502/627/1138 1503/627/1138
f 1507/626/1167 1509/626/1167 1570/626/1167 1571/626/1167
f 1539/626/1168 1540/626/1168 1541/626/1168 1538/626/1168
f 1509/626/1169 1511/626/1169 1572/626/1169 1570/626/1169
f 1543/626/1170 1539/626/1170 1538/626/1170 1542/626/1170
f 1511/626/1171 1513/626/1171 1573/626/1171 1572/626/1171
f 1545/626/1172 1543/626/1172 1542/626/1172 1544/626/1172
f 1513/626/1173 1515/626/1173 1574/626/1173 1573/626/1173
f 1547/626/1174 1545/626/1174 1544/626/1174 1546/626/1174
f 1515/626/1175 1517/626/1175 1575/626/1175 1574/626/1175
f 1549/626/1176 1547/626/1176 1546/626/1176 1548/626/1176
f 1517/626/1177 1519/626/1177 1576/626/1177 1575/626/1177
f 1551/626/1178 1549/626/1178 1548/626/1178 1550/626/1178
f 1519/626/1179 1521/626/1179 1577/626/1179 1576/626/1179
f 1553/626/1180 1551/626/1180 1550/626/1180 1552/626/1180
f 1521/626/1181 1523/626/1181 1578/626/1181 1577/626/1181
f 1555/626/1182 1553/626/1182 1552/626/1182 1554/626/1182
f 1523/626/1183 1525/626/1183 1579/626/1183 1578/626/1183
f 1557/626/1184 1555/626/1184 1554/626/1184 1556/626/1184
f 1525/626/1185 1527/626/1185 1580/626/1185 1579/626/1185
f 1559/626/1186 1557/626/1186 1556/626/1186 1558/626/1186
f 1527/626/1187 1529/626/1187 1581/626/1187 1580/626/1187
f 1561/626/1188 1559/626/1188 1558/626/1188 1560/626/1188
f 1529/626/1189 1531/626/1189 1582/626/1189 1581/626/1189
f 1563/626/1190 1561/626/1190 1560/626/1190 1562/626/1190
f 1531/626/1191 1533/626/1191 1583/626/1191 1582/626/1191
f 1565/626/1192 1563/626/1192 1562/626/1192 1564/626/1192
f 1533/626/1193 1535/626/1193 1584/626/1193 1583/626/1193
f 1567/626/1194 1565/626/1194 1564/626/1194 1566/626/1194
f 1535/626/1195 1537/626/1195 1585/626/1195 1584/626/1195
f 1569/626/1196 1567/626/1196 1566/626/1196 1568/626/1196
f 1537/626/1197 1507/626/1197 1571/626/1197 1585/626/1197
f 1540/626/1198 1569/626/1198 1568/626/1198 1541/626/1198
f 1528/626/1137 1530/626/1137 1598/626/1137 1597/626/1137
f 1508/626/1199 1506/626/1199 1571/626/1199 1570/626/1199
f 1510/626/1199 1508/626/1199 1570/626/1199 1572/626/1199
f 1512/626/1199 1510/626/1199 1572/626/1199 1573/626/1199
f 1514/626/1199 1512/626/1199 1573/626/1199 1574/626/1199
f 1516/626/1199 1514/626/1199 1574/626/1199 1575/626/1199
f 1518/626/1199 1516/626/1199 1575/626/1199 1576/626/1199
f 1520/626/1199 1518/626/1199 1576/626/1199 1577/626/1199
f 1522/626/1199 1520/626/1199 1577/626/1199 1578/626/1199
f 1524/626/1199 1522/626/1199 1578/626/1199 1579/626/1199
f 1526/626/1199 1524/626/1199 1579/626/1199 1580/626/1199
f 1528/626/1199 1526/626/1199 1580/626/1199 1581/626/1199
f 1530/626/1199 1528/626/1199 1581/626/1199 1582/626/1199
f 1532/626/1199 1530/626/1199 1582/626/1199 1583/626/1199
f 1534/626/1199 1532/626/1199 1583/626/1199 1584/626/1199
f 1536/626/1199 1534/626/1199 1584/626/1199 1585/626/1199
f 1506/626/1199 1536/626/1199 1585/626/1199 1571/626/1199
f 1587/626/1199 1586/626/1199 1588/626/1199 1589/626/1199 1590/626/1199 1591/626/1199 1592/626/1199 1593/626/1199 1594/626/1199 1595/626/1199 1596/626/1199 1597/626/1199 1598/626/1199 1599/626/1199 1600/626/1199 1601/626/1199
f 1514/626/1146 1516/626/1146 1591/626/1146 1590/626/1146
f 1530/626/1138 1532/626/1138 1599/626/1138 1598/626/1138
f 1516/626/1147 1518/626/1147 1592/626/1147 1591/626/1147
f 1532/626/1139 1534/626/1139 1600/626/1139 1599/626/1139
f 1518/626/1148 1520/626/1148 1593/626/1148 1592/626/1148
f 1534/626/1140 1536/626/1140 1601/626/1140 1600/626/1140
f 1520/626/1135 1522/626/1135 1594/626/1135 1593/626/1135
f 1506/626/1142 1508/626/1142 1586/626/1142 1587/626/1142
f 1536/626/1141 1506/626/1141 1587/626/1141 1601/626/1141
f 1522/626/1151 1524/626/1151 1595/626/1151 1594/626/1151
f 1508/626/1143 1510/626/1143 1588/626/1143 1586/626/1143
f 1524/626/1149 1526/626/1149 1596/626/1149 1595/626/1149
f 1510/626/1144 1512/626/1144 1589/626/1144 1588/626/1144
f 1526/626/1136 1528/626/1136 1597/626/1136 1596/626/1136
f 1512/626/1145 1514/626/1145 1590/626/1145 1589/626/1145
o RearRightTire
v -0.298109 0.172197 -0.423667
v -0.298109 0.167069 -0.397884
v -0.298109 0.152464 -0.376026
v -0.298109 0.130606 -0.361422
v -0.298109 0.104823 -0.356293
v -0.298109 0.079040 -0.361422
v -0.298109 0.057182 -0.376026
v -0.298109 0.042577 -0.397884
v -0.298109 0.037449 -0.423667
v -0.298109 0.042577 -0.449450
v -0.298109 0.057182 -0.471308
v -0.298109 0.079040 -0.485913
v -0.298109 0.104823 -0.491042
v -0.298109 0.130606 -0.485913
v -0.298109 0.152464 -0.471308
v -0.298109 0.167069 -0.449450
v -0.286294 0.115443 -0.419268
v -0.286294 0.116318 -0.423667
v -0.286294 0.112951 -0.415538
v -0.286294 0.109222 -0.413046
v -0.286294 0.104823 -0.412172
v -0.286294 0.100424 -0.413046
v -0.286294 0.096694 -0.415538
v -0.286294 0.094202 -0.419268
v -0.286294 0.093327 -0.423667
v -0.286294 0.094202 -0.428066
v -0.286294 0.096694 -0.431796
v -0.286294 0.100424 -0.434288
v -0.286294 0.104823 -0.435163
v -0.286294 0.109222 -0.434288
v -0.286294 0.112951 -0.431796
v -0.286294 0.115443 -0.428066
v -0.286294 0.167069 -0.397884
v -0.286294 0.172197 -0.423667
v -0.286294 0.152464 -0.376026
v -0.286294 0.130606 -0.361422
v -0.286294 0.104823 -0.356293
v -0.286294 0.079040 -0.361422
v -0.286294 0.057182 -0.376026
v -0.286294 0.042577 -0.397884
v -0.286294 0.037449 -0.423667
v -0.286294 0.042577 -0.449450
v -0.286294 0.057182 -0.471308
v -0.286294 0.079040 -0.485913
v -0.286294 0.104823 -0.491042
v -0.286294 0.130606 -0.485913
v -0.286294 0.152464 -0.471308
v -0.286294 0.167069 -0.449450
v -0.286294 0.138421 -0.409750
v -0.286294 0.141190 -0.423667
v -0.286294 0.130538 -0.397952
v -0.286294 0.118740 -0.390069
v -0.286294 0.104823 -0.387301
v -0.286294 0.090906 -0.390069
v -0.286294 0.079108 -0.397952
v -0.286294 0.071225 -0.409750
v -0.286294 0.068456 -0.423667
v -0.286294 0.071225 -0.437584
v -0.286294 0.079108 -0.449382
v -0.286294 0.090906 -0.457266
v -0.286294 0.104823 -0.460034
v -0.286294 0.118740 -0.457266
v -0.286294 0.130538 -0.449382
v -0.286294 0.138421 -0.437584
v -0.275848 0.152464 -0.376026
v -0.275848 0.167069 -0.397884
v -0.275847 0.130606 -0.361422
v -0.275848 0.057182 -0.376026
v -0.275847 0.079040 -0.361422
v -0.275848 0.042577 -0.397884
v -0.275848 0.057182 -0.471308
v -0.275848 0.042577 -0.449450
v -0.275848 0.079040 -0.485913
v -0.275848 0.152464 -0.471308
v -0.275848 0.130606 -0.485913
v -0.275848 0.167069 -0.449450
v -0.275848 0.130538 -0.397952
v -0.275848 0.138421 -0.409750
v -0.275848 0.118740 -0.390069
v -0.275848 0.079108 -0.397952
v -0.275848 0.090906 -0.390069
v -0.275848 0.071225 -0.409750
v -0.275848 0.079108 -0.449382
v -0.275848 0.071225 -0.437584
v -0.275848 0.090906 -0.457266
v -0.275848 0.130538 -0.449382
v -0.275848 0.118740 -0.457266
v -0.275848 0.138421 -0.437584
v -0.279105 0.115443 -0.419268
v -0.279105 0.116318 -0.423667
v -0.279105 0.112951 -0.415538
v -0.279105 0.109222 -0.413046
v -0.279105 0.104823 -0.412172
v -0.279105 0.100424 -0.413046
v -0.279105 0.096694 -0.415538
v -0.279105 0.094202 -0.419268
v -0.279105 0.093327 -0.423667
v -0.279105 0.094202 -0.428066
v -0.279105 0.096694 -0.431796
v -0.279105 0.100424 -0.434288
v -0.279105 0.104823 -0.435163
v -0.279105 0.109222 -0.434288
v -0.279105 0.112951 -0.431796
v -0.279105 0.115443 -0.428066
v -0.214209 0.165163 -0.423667
v -0.223757 0.208949 -0.423667
v -0.214209 0.160570 -0.400576
v -0.223757 0.201023 -0.383820
v -0.214209 0.147490 -0.381000
v -0.223757 0.178451 -0.350039
v -0.214209 0.127914 -0.367920
v -0.223757 0.144670 -0.327467
v -0.214209 0.104823 -0.363327
v -0.223757 0.104823 -0.319541
v -0.214209 0.081731 -0.367920
v -0.223757 0.064975 -0.327467
v -0.214209 0.062156 -0.381000
v -0.223757 0.031194 -0.350039
v -0.214209 0.049075 -0.400576
v -0.223757 0.008623 -0.383820
v -0.214209 0.044482 -0.423667
v -0.223757 0.000696 -0.423667
v -0.214209 0.049075 -0.446759
v -0.223757 0.008623 -0.463515
v -0.214209 0.062156 -0.466335
v -0.223757 0.031194 -0.497296
v -0.214209 0.081731 -0.479415
v -0.223757 0.064975 -0.519867
v -0.214209 0.104823 -0.484008
v -0.223757 0.104823 -0.527793
v -0.214209 0.127914 -0.479415
v -0.223757 0.144670 -0.519868
v -0.214209 0.147490 -0.466335
v -0.223757 0.178451 -0.497296
v -0.214209 0.160570 -0.446759
v -0.223757 0.201023 -0.463515
v -0.298109 0.193494 -0.386939
v -0.288561 0.201023 -0.383820
v -0.288561 0.208949 -0.423667
v -0.298109 0.200800 -0.423667
v -0.298109 0.172689 -0.355801
v -0.288561 0.178451 -0.350039
v -0.298109 0.141552 -0.334996
v -0.288561 0.144670 -0.327467
v -0.298109 0.104823 -0.327690
v -0.288561 0.104823 -0.319541
v -0.298109 0.068094 -0.334996
v -0.288561 0.064975 -0.327467
v -0.298109 0.036956 -0.355801
v -0.288561 0.031194 -0.350039
v -0.298109 0.016151 -0.386938
v -0.288561 0.008623 -0.383820
v -0.298109 0.008846 -0.423667
v -0.288561 0.000696 -0.423667
v -0.298109 0.016151 -0.460396
v -0.288561 0.008623 -0.463515
v -0.298109 0.036956 -0.491533
v -0.288561 0.031194 -0.497296
v -0.298109 0.068094 -0.512338
v -0.288561 0.064975 -0.519867
v -0.298109 0.104823 -0.519645
v -0.288561 0.104823 -0.527793
v -0.298109 0.141552 -0.512338
v -0.288561 0.144670 -0.519868
v -0.298109 0.172689 -0.491533
v -0.288561 0.178451 -0.497296
v -0.298109 0.193494 -0.460396
v -0.288561 0.201023 -0.463515
v -0.214209 0.193494 -0.386939
v -0.214209 0.200800 -0.423667
v -0.214209 0.172689 -0.355801
v -0.214209 0.141552 -0.334996
v -0.214209 0.104823 -0.327690
v -0.214209 0.068094 -0.334996
v -0.214209 0.036956 -0.355801
v -0.214209 0.016151 -0.386939
v -0.214209 0.008846 -0.423667
v -0.214209 0.016151 -0.460396
v -0.214209 0.036956 -0.491533
v -0.214209 0.068094 -0.512338
v -0.214209 0.104823 -0.519645
v -0.214209 0.141552 -0.512338
v -0.214209 0.172689 -0.491533
v -0.214209 0.193494 -0.460396
v -0.230976 0.160570 -0.400576
v -0.230976 0.165163 -0.423667
v -0.230976 0.147490 -0.381000
v -0.230976 0.127914 -0.367920
v -0.230976 0.104823 -0.363327
v -0.230976 0.081731 -0.367920
v -0.230976 0.062156 -0.381000
v -0.230976 0.049075 -0.400576
v -0.230976 0.044482 -0.423667
v -0.230976 0.049075 -0.446759
v -0.230976 0.062156 -0.466335
v -0.230976 0.081731 -0.479415
v -0.230976 0.104823 -0.484008
v -0.230976 0.127914 -0.479415
v -0.230976 0.147490 -0.466335
v -0.230976 0.160570 -0.446759
vn -0.0000 0.9808 -0.1951
vn -0.0000 0.5556 0.8315
vn -0.0000 0.1951 0.9808
vn -0.0000 -0.1951 0.9808
vn -0.0000 -0.5556 0.8315
vn -0.0000 -0.8315 0.5556
vn -0.0000 -0.9808 0.1951
vn -0.0000 -0.9808 -0.1951
vn -0.0000 -0.8315 -0.5556
vn -0.0000 -0.5556 -0.8315
vn -0.0000 -0.1951 -0.9808
vn -0.0000 0.1951 -0.9808
vn -0.0000 0.5556 -0.8315
vn -0.0000 0.8315 -0.5556
vn -0.0000 0.8315 0.5556
vn -1.0000 -0.0000 -0.0000
vn -0.0000 0.9808 0.1951
vn -0.0000 -0.9239 0.3827
vn -0.0000 0.9239 -0.3827
vn -0.0000 -0.9239 -0.3827
vn -0.0000 0.9239 0.3827
vn -0.0000 0.3827 0.9239
vn -0.0000 -0.3827 -0.9239
vn -0.0000 -0.3827 0.9239
vn -0.0000 0.3827 -0.9239
vn -0.0000 0.8315 -0.5555
vn -0.0000 0.9808 -0.1952
vn -0.0000 0.9808 0.1952
vn -0.0000 0.8315 0.5555
vn -0.0000 -0.5556 -0.8314
vn -0.0000 0.1950 0.9808
vn 0.6419 0.7521 0.1496
vn -0.6419 0.7521 0.1496
vn 0.6419 0.6376 0.4260
vn -0.6419 0.6376 0.4260
vn 0.6419 0.4260 0.6376
vn -0.6419 0.4260 0.6376
vn 0.6419 0.1496 0.7521
vn -0.6419 0.1496 0.7521
vn 0.6419 -0.1496 0.7521
vn -0.6419 -0.1496 0.7521
vn 0.6419 -0.4260 0.6376
vn -0.6419 -0.4260 0.6376
vn 0.6419 -0.6376 0.4260
vn -0.6419 -0.6376 0.4260
vn 0.6419 -0.7521 0.1496
vn -0.6419 -0.7521 0.1496
vn 0.6419 -0.7521 -0.1496
vn -0.6419 -0.7521 -0.1496
vn 0.6419 -0.6376 -0.4260
vn -0.6419 -0.6376 -0.4260
vn 0.6419 -0.4260 -0.6376
vn -0.6419 -0.4260 -0.6376
vn 0.6419 -0.1496 -0.7521
vn -0.6419 -0.1496 -0.7521
vn 0.6419 0.1496 -0.7521
vn -0.6419 0.1496 -0.7521
vn 0.6419 0.4260 -0.6376
vn -0.6419 0.4260 -0.6376
vn 0.6419 0.6376 -0.4260
vn -0.6419 0.6376 -0.4260
vn 0.6419 0.7521 -0.1496
vn -0.6419 0.7521 -0.1496
vn 1.0000 -0.0000 -0.0000
vt 0.051732 0.960589
vt 0.150151 0.966020
vt 0.189043 0.967571
s 1
usemtl Material.001
f 1737/629/1200 1769/629/1200 1740/629/1200 1707/629/1200
f 1711/629/1201 1743/629/1201 1745/629/1201 1713/629/1201
f 1713/629/1202 1745/629/1202 1747/629/1202 1715/629/1202
f 1715/629/1203 1747/629/1203 1749/629/1203 1717/629/1203
f 1717/629/1204 1749/629/1204 1751/629/1204 1719/629/1204
f 1719/629/1205 1751/629/1205 1753/629/1205 1721/629/1205
f 1721/629/1206 1753/629/1206 1755/629/1206 1723/629/1206
f 1723/629/1207 1755/629/1207 1757/629/1207 1725/629/1207
f 1725/629/1208 1757/629/1208 1759/629/1208 1727/629/1208
f 1727/629/1209 1759/629/1209 1761/629/1209 1729/629/1209
f 1729/629/1210 1761/629/1210 1763/629/1210 1731/629/1210
f 1731/629/1211 1763/629/1211 1765/629/1211 1733/629/1211
f 1733/629/1212 1765/629/1212 1767/629/1212 1735/629/1212
f 1735/629/1213 1767/629/1213 1769/629/1213 1737/629/1213
f 1612/629/1214 1611/629/1214 1643/629/1214 1644/629/1214
f 1602/629/1215 1603/629/1215 1738/629/1215 1741/629/1215
f 1709/629/1214 1739/629/1214 1743/629/1214 1711/629/1214
f 1707/629/1216 1740/629/1216 1739/629/1216 1709/629/1216
f 1603/629/1215 1604/629/1215 1742/629/1215 1738/629/1215
f 1617/629/1215 1602/629/1215 1741/629/1215 1768/629/1215
f 1605/629/1215 1606/629/1215 1746/629/1215 1744/629/1215
f 1606/629/1215 1607/629/1215 1748/629/1215 1746/629/1215
f 1607/629/1215 1608/629/1215 1750/629/1215 1748/629/1215
f 1608/629/1215 1609/629/1215 1752/629/1215 1750/629/1215
f 1609/629/1215 1610/629/1215 1754/629/1215 1752/629/1215
f 1610/629/1215 1611/629/1215 1756/629/1215 1754/629/1215
f 1611/629/1215 1612/629/1215 1758/629/1215 1756/629/1215
f 1612/629/1215 1613/629/1215 1760/629/1215 1758/629/1215
f 1613/629/1215 1614/629/1215 1762/629/1215 1760/629/1215
f 1614/629/1215 1615/629/1215 1764/629/1215 1762/629/1215
f 1615/629/1215 1616/629/1215 1766/629/1215 1764/629/1215
f 1616/629/1215 1617/629/1215 1768/629/1215 1766/629/1215
f 1604/629/1215 1605/629/1215 1744/629/1215 1742/629/1215
f 1624/630/1212 1623/630/1212 1695/630/1212 1696/630/1212
f 1605/629/1209 1604/629/1209 1636/629/1209 1637/629/1209
f 1613/629/1201 1612/629/1201 1644/629/1201 1645/629/1201
f 1606/629/1210 1605/629/1210 1637/629/1210 1638/629/1210
f 1614/629/1202 1613/629/1202 1645/629/1202 1646/629/1202
f 1607/629/1211 1606/629/1211 1638/629/1211 1639/629/1211
f 1615/629/1203 1614/629/1203 1646/629/1203 1647/629/1203
f 1608/629/1212 1607/629/1212 1639/629/1212 1640/629/1212
f 1616/629/1204 1615/629/1204 1647/629/1204 1648/629/1204
f 1609/629/1213 1608/629/1213 1640/629/1213 1641/629/1213
f 1617/629/1205 1616/629/1205 1648/629/1205 1649/629/1205
f 1610/629/1200 1609/629/1200 1641/629/1200 1642/629/1200
f 1603/629/1207 1602/629/1207 1635/629/1207 1634/629/1207
f 1602/629/1206 1617/629/1206 1649/629/1206 1635/629/1206
f 1611/629/1216 1610/629/1216 1642/629/1216 1643/629/1216
f 1604/629/1208 1603/629/1208 1634/629/1208 1636/629/1208
f 1651/630/1215 1650/630/1215 1634/630/1215 1635/630/1215
f 1636/629/1208 1634/629/1208 1667/629/1208 1666/629/1208
f 1663/630/1212 1664/630/1212 1687/630/1212 1688/630/1212
f 1653/630/1215 1654/630/1215 1638/630/1215 1637/630/1215
f 1654/630/1215 1655/630/1215 1639/630/1215 1638/630/1215
f 1655/630/1204 1656/630/1204 1681/630/1204 1682/630/1204
f 1661/630/1217 1645/630/1217 1674/630/1217 1686/630/1217
f 1657/630/1215 1658/630/1215 1642/630/1215 1641/630/1215
f 1658/630/1215 1659/630/1215 1643/630/1215 1642/630/1215
f 1649/629/1205 1648/629/1205 1675/629/1205 1677/629/1205
f 1653/630/1218 1637/630/1218 1668/630/1218 1680/630/1218
f 1661/630/1215 1662/630/1215 1646/630/1215 1645/630/1215
f 1662/630/1215 1663/630/1215 1647/630/1215 1646/630/1215
f 1641/629/1213 1640/629/1213 1669/629/1213 1671/629/1213
f 1648/629/1204 1647/629/1204 1676/629/1204 1675/629/1204
f 1665/630/1215 1651/630/1215 1635/630/1215 1649/630/1215
f 1619/630/1215 1618/630/1215 1650/630/1215 1651/630/1215
f 1618/630/1215 1620/630/1215 1652/630/1215 1650/630/1215
f 1620/630/1215 1621/630/1215 1653/630/1215 1652/630/1215
f 1621/630/1215 1622/630/1215 1654/630/1215 1653/630/1215
f 1622/630/1215 1623/630/1215 1655/630/1215 1654/630/1215
f 1623/630/1215 1624/630/1215 1656/630/1215 1655/630/1215
f 1624/630/1215 1625/630/1215 1657/630/1215 1656/630/1215
f 1625/630/1215 1626/630/1215 1658/630/1215 1657/630/1215
f 1626/630/1215 1627/630/1215 1659/630/1215 1658/630/1215
f 1627/630/1215 1628/630/1215 1660/630/1215 1659/630/1215
f 1628/630/1215 1629/630/1215 1661/630/1215 1660/630/1215
f 1629/630/1215 1630/630/1215 1662/630/1215 1661/630/1215
f 1630/630/1215 1631/630/1215 1663/630/1215 1662/630/1215
f 1631/630/1215 1632/630/1215 1664/630/1215 1663/630/1215
f 1632/630/1215 1633/630/1215 1665/630/1215 1664/630/1215
f 1633/630/1215 1619/630/1215 1651/630/1215 1665/630/1215
f 1679/631/1215 1678/631/1215 1666/631/1215 1667/631/1215
f 1678/631/1215 1680/631/1215 1668/631/1215 1666/631/1215
f 1682/631/1215 1681/631/1215 1669/631/1215 1670/631/1215
f 1681/631/1215 1683/631/1215 1671/631/1215 1669/631/1215
f 1685/631/1215 1684/631/1215 1672/631/1215 1673/631/1215
f 1684/631/1215 1686/631/1215 1674/631/1215 1672/631/1215
f 1688/631/1215 1687/631/1215 1675/631/1215 1676/631/1215
f 1687/631/1215 1689/631/1215 1677/631/1215 1675/631/1215
f 1656/630/1205 1657/630/1205 1683/630/1205 1681/630/1205
f 1639/630/1219 1655/630/1219 1682/630/1219 1670/630/1219
f 1664/630/1213 1665/630/1213 1689/630/1213 1687/630/1213
f 1644/629/1214 1643/629/1214 1673/629/1214 1672/629/1214
f 1647/630/1220 1663/630/1220 1688/630/1220 1676/630/1220
f 1637/629/1209 1636/629/1209 1666/629/1209 1668/629/1209
f 1645/629/1201 1644/629/1201 1672/629/1201 1674/629/1201
f 1657/630/1221 1641/630/1221 1671/630/1221 1683/630/1221
f 1650/630/1214 1652/630/1214 1678/630/1214 1679/630/1214
f 1665/630/1222 1649/630/1222 1677/630/1222 1689/630/1222
f 1659/630/1208 1660/630/1208 1684/630/1208 1685/630/1208
f 1652/630/1201 1653/630/1201 1680/630/1201 1678/630/1201
f 1634/630/1223 1650/630/1223 1679/630/1223 1667/630/1223
f 1660/630/1209 1661/630/1209 1686/630/1209 1684/630/1209
f 1640/629/1212 1639/629/1212 1670/629/1212 1669/629/1212
f 1643/630/1224 1659/630/1224 1685/630/1224 1673/630/1224
f 1690/630/1215 1691/630/1215 1705/630/1215 1704/630/1215 1703/630/1215 1702/630/1215 1701/630/1215 1700/630/1215 1699/630/1215 1698/630/1215 1697/630/1215 1696/630/1215 1695/630/1215 1694/630/1215 1693/630/1215 1692/630/1215
f 1632/630/1204 1631/630/1204 1703/630/1204 1704/630/1204
f 1625/630/1225 1624/630/1225 1696/630/1225 1697/630/1225
f 1633/630/1205 1632/630/1205 1704/630/1205 1705/630/1205
f 1626/630/1226 1625/630/1226 1697/630/1226 1698/630/1226
f 1618/630/1207 1619/630/1207 1691/630/1207 1690/630/1207
f 1619/630/1206 1633/630/1206 1705/630/1206 1691/630/1206
f 1627/630/1227 1626/630/1227 1698/630/1227 1699/630/1227
f 1620/630/1208 1618/630/1208 1690/630/1208 1692/630/1208
f 1628/630/1228 1627/630/1228 1699/630/1228 1700/630/1228
f 1621/630/1229 1620/630/1229 1692/630/1229 1693/630/1229
f 1629/630/1201 1628/630/1201 1700/630/1201 1701/630/1201
f 1622/630/1210 1621/630/1210 1693/630/1210 1694/630/1210
f 1630/630/1230 1629/630/1230 1701/630/1230 1702/630/1230
f 1623/630/1211 1622/630/1211 1694/630/1211 1695/630/1211
f 1631/630/1203 1630/630/1203 1702/630/1203 1703/630/1203
f 1707/629/1231 1709/629/1231 1770/629/1231 1771/629/1231
f 1739/629/1232 1740/629/1232 1741/629/1232 1738/629/1232
f 1709/629/1233 1711/629/1233 1772/629/1233 1770/629/1233
f 1743/629/1234 1739/629/1234 1738/629/1234 1742/629/1234
f 1711/629/1235 1713/629/1235 1773/629/1235 1772/629/1235
f 1745/629/1236 1743/629/1236 1742/629/1236 1744/629/1236
f 1713/629/1237 1715/629/1237 1774/629/1237 1773/629/1237
f 1747/629/1238 1745/629/1238 1744/629/1238 1746/629/1238
f 1715/629/1239 1717/629/1239 1775/629/1239 1774/629/1239
f 1749/629/1240 1747/629/1240 1746/629/1240 1748/629/1240
f 1717/629/1241 1719/629/1241 1776/629/1241 1775/629/1241
f 1751/629/1242 1749/629/1242 1748/629/1242 1750/629/1242
f 1719/629/1243 1721/629/1243 1777/629/1243 1776/629/1243
f 1753/629/1244 1751/629/1244 1750/629/1244 1752/629/1244
f 1721/629/1245 1723/629/1245 1778/629/1245 1777/629/1245
f 1755/629/1246 1753/629/1246 1752/629/1246 1754/629/1246
f 1723/629/1247 1725/629/1247 1779/629/1247 1778/629/1247
f 1757/629/1248 1755/629/1248 1754/629/1248 1756/629/1248
f 1725/629/1249 1727/629/1249 1780/629/1249 1779/629/1249
f 1759/629/1250 1757/629/1250 1756/629/1250 1758/629/1250
f 1727/629/1251 1729/629/1251 1781/629/1251 1780/629/1251
f 1761/629/1252 1759/629/1252 1758/629/1252 1760/629/1252
f 1729/629/1253 1731/629/1253 1782/629/1253 1781/629/1253
f 1763/629/1254 1761/629/1254 1760/629/1254 1762/629/1254
f 1731/629/1255 1733/629/1255 1783/629/1255 1782/629/1255
f 1765/629/1256 1763/629/1256 1762/629/1256 1764/629/1256
f 1733/629/1257 1735/629/1257 1784/629/1257 1783/629/1257
f 1767/629/1258 1765/629/1258 1764/629/1258 1766/629/1258
f 1735/629/1259 1737/629/1259 1785/629/1259 1784/629/1259
f 1769/629/1260 1767/629/1260 1766/629/1260 1768/629/1260
f 1737/629/1261 1707/629/1261 1771/629/1261 1785/629/1261
f 1740/629/1262 1769/629/1262 1768/629/1262 1741/629/1262
f 1726/629/1201 1728/629/1201 1797/629/1201 1796/629/1201
f 1708/629/1263 1706/629/1263 1771/629/1263 1770/629/1263
f 1710/629/1263 1708/629/1263 1770/629/1263 1772/629/1263
f 1712/629/1263 1710/629/1263 1772/629/1263 1773/629/1263
f 1714/629/1263 1712/629/1263 1773/629/1263 1774/629/1263
f 1716/629/1263 1714/629/1263 1774/629/1263 1775/629/1263
f 1718/629/1263 1716/629/1263 1775/629/1263 1776/629/1263
f 1720/629/1263 1718/629/1263 1776/629/1263 1777/629/1263
f 1722/629/1263 1720/629/1263 1777/629/1263 1778/629/1263
f 1724/629/1263 1722/629/1263 1778/629/1263 1779/629/1263
f 1726/629/1263 1724/629/1263 1779/629/1263 1780/629/1263
f 1728/629/1263 1726/629/1263 1780/629/1263 1781/629/1263
f 1730/629/1263 1728/629/1263 1781/629/1263 1782/629/1263
f 1732/629/1263 1730/629/1263 1782/629/1263 1783/629/1263
f 1734/629/1263 1732/629/1263 1783/629/1263 1784/629/1263
f 1736/629/1263 1734/629/1263 1784/629/1263 1785/629/1263
f 1706/629/1263 1736/629/1263 1785/629/1263 1771/629/1263
f 1787/629/1263 1786/629/1263 1788/629/1263 1789/629/1263 1790/629/1263 1791/629/1263 1792/629/1263 1793/629/1263 1794/629/1263 1795/629/1263 1796/629/1263 1797/629/1263 1798/629/1263 1799/629/1263 1800/629/1263 1801/629/1263
f 1712/629/1210 1714/629/1210 1790/629/1210 1789/629/1210
f 1728/629/1202 1730/629/1202 1798/629/1202 1797/629/1202
f 1714/629/1211 1716/629/1211 1791/629/1211 1790/629/1211
f 1730/629/1203 1732/629/1203 1799/629/1203 1798/629/1203
f 1716/629/1212 1718/629/1212 1792/629/1212 1791/629/1212
f 1732/629/1204 1734/629/1204 1800/629/1204 1799/629/1204
f 1718/629/1213 1720/629/1213 1793/629/1213 1792/629/1213
f 1734/629/1205 1736/629/1205 1801/629/1205 1800/629/1205
f 1720/629/1200 1722/629/1200 1794/629/1200 1793/629/1200
f 1706/629/1207 1708/629/1207 1786/629/1207 1787/629/1207
f 1736/629/1206 1706/629/1206 1787/629/1206 1801/629/1206
f 1722/629/1216 1724/629/1216 1795/629/1216 1794/629/1216
f 1708/629/1208 1710/629/1208 1788/629/1208 1786/629/1208
f 1724/629/1214 1726/629/1214 1796/629/1214 1795/629/1214
f 1710/629/1209 1712/629/1209 1789/629/1209 1788/629/1209
